file,split,zone_raw,color_raw,defect_code,bbox_cx,bbox_cy,bbox_area,match_level,distance,defect_id,inspection_id,dd_defect_type,dd_zone,dd_color,dd_severity,dd_rework,dd_rework_min,dd_area_mm2,dd_x_mm,dd_y_mm,dd_confidence
bumper_black_000016,train,bumper,black,SCR,0.15625,0.805556,0.004575,exact_3,0.0448,DEF0000038325,INS0000457831,SCR,BUMPER_F,B3L,MINOR,N,15,79.74,247.2,681.9,0.913
bumper_black_000223,train,bumper,black,DNT,0.525781,0.726389,0.007296,exact_3,0.046,DEF0000136388,INS0002849677,DNT,BUMPER_F,B3L,MAJOR,Y,45,167.9,1214.9,615.7,0.9835
bumper_black_000223,train,bumper,black,GAP,0.485938,0.677778,0.031294,exact_3,0.0837,DEF0000118325,INS0001618813,GAP,BUMPER_F,B3L,CRITICAL,Y,60,426.48,724.5,672.1,0.8856
bumper_black_000223,train,bumper,black,PDR,0.364063,0.543056,0.003255,exact_3,0.0498,DEF0000149598,INS0001562603,PDR,BUMPER_R,B3L,MINOR,N,25,330.28,661.1,768.5,0.9339
bumper_black_000294,train,bumper,black,PBB,0.919141,0.398611,0.004785,exact_3,0.0852,DEF0000095047,INS0001817198,PBB,BUMPER_R,B3L,MINOR,N,30,258.36,1880.4,283.7,0.8836
bumper_black_000346,train,bumper,black,PDR,0.303125,0.251389,0.002656,exact_3,0.0248,DEF0000066273,INS0000674680,PDR,BUMPER_R,B3L,MINOR,N,25,213.5,557.5,261.1,0.8618
bumper_black_000346,train,bumper,black,ORG,0.378906,0.630556,0.014601,exact_3,0.0999,DEF0000120732,INS0001494184,ORG,BUMPER_R,B3L,MINOR,Y,20,372.8,1024.3,656.7,0.9727
bumper_black_000582,train,bumper,black,DST,0.627734,0.613194,0.002449,exact_3,0.0625,DEF0000144315,INS0001811463,DST,BUMPER_R,B3L,MINOR,N,10,61.9,1183.2,523.1,0.8572
bumper_black_000582,train,bumper,black,DNT,0.88125,0.501389,0.017226,exact_3,0.0428,DEF0000130143,INS0002909418,DNT,BUMPER_F,B3L,MAJOR,Y,45,461.14,1908.7,420.5,0.9757
bumper_black_000582,train,bumper,black,DST,0.539844,0.323611,0.003273,exact_3,0.0646,DEF0000086081,INS0002761720,DST,BUMPER_R,B3L,MINOR,N,10,199.16,1242.6,292.2,0.9397
bumper_black_000608,train,bumper,black,DNT,0.527344,0.597222,0.017226,exact_3,0.0528,DEF0000004985,INS0002911915,DNT,BUMPER_F,B3L,MAJOR,Y,45,498.24,1240.1,466.2,0.9642
bumper_black_000608,train,bumper,black,DNT,0.710938,0.805556,0.004171,exact_3,0.0416,DEF0000127014,INS0000378398,DNT,BUMPER_R,B3L,MAJOR,Y,45,36.19,1608.6,752.5,0.8736
bumper_black_000637,train,bumper,black,DNT,0.221875,0.145833,0.017226,exact_3,0.1175,DEF0000163891,INS0002013419,DNT,BUMPER_R,B3L,MAJOR,Y,45,444.99,617.1,57.1,0.8799
bumper_black_000637,train,bumper,black,ORG,0.875,0.675,0.017778,exact_3,0.0344,DEF0000102253,INS0001767757,ORG,BUMPER_F,B3L,MINOR,N,20,464.8,1901.9,637.5,0.909
bumper_black_000637,train,bumper,black,PBB,0.553125,0.313194,0.003906,exact_3,0.0169,DEF0000109621,INS0002440930,PBB,BUMPER_R,B3L,MINOR,N,30,158.91,1143.3,222.5,0.9727
bumper_blue_000073,train,bumper,blue,DNT,0.391406,0.522222,0.012192,exact_3,0.0347,DEF0000075176,INS0002061906,DNT,BUMPER_R,ABP,MAJOR,Y,45,353.89,792.4,418.0,0.9743
bumper_blue_000109,train,bumper,blue,SCR,0.777344,0.596528,0.010905,exact_3,0.0255,DEF0000120450,INS0001786079,SCR,BUMPER_F,ABP,MINOR,N,15,295.86,1637.0,512.2,0.92
bumper_blue_000109,train,bumper,blue,PDR,0.607031,0.302083,0.002441,exact_3,0.0991,DEF0000163197,INS0001662452,PDR,BUMPER_F,ABP,MINOR,N,25,201.65,1117.9,362.0,0.8769
bumper_blue_000119,train,bumper,blue,DST,0.757812,0.522917,0.002721,exact_3,0.0288,DEF0000093002,INS0000731409,DST,BUMPER_F,ABP,MINOR,Y,10,97.55,1526.4,487.7,0.9247
bumper_blue_000292,train,bumper,blue,ORG,0.098437,0.15,0.006267,exact_3,0.1068,DEF0000057984,INS0001817709,ORG,BUMPER_F,ABP,MINOR,Y,20,96.99,166.9,82.3,0.9818
bumper_blue_000292,train,bumper,blue,SCR,0.840625,0.49375,0.010614,exact_3,0.0777,DEF0000036446,INS0001202969,SCR,BUMPER_F,ABP,MINOR,N,15,312.43,1818.8,465.0,0.879
bumper_blue_000292,train,bumper,blue,SCR,0.359766,0.24375,0.002577,exact_3,0.0382,DEF0000162927,INS0001955184,SCR,BUMPER_F,ABP,MINOR,N,15,39.16,625.8,191.9,0.9201
bumper_blue_000321,train,bumper,blue,SCR,0.744531,0.94375,0.021094,exact_3,0.0228,DEF0000127075,INS0002865949,SCR,BUMPER_F,ABP,MINOR,N,15,427.71,1589.3,781.4,0.9689
bumper_blue_000334,train,bumper,blue,DNT,0.154688,0.488889,0.005317,exact_3,0.076,DEF0000130746,INS0000807764,DNT,BUMPER_F,ABP,MAJOR,Y,45,123.51,282.7,408.6,0.9211
bumper_blue_000334,train,bumper,blue,SCR,0.845313,0.165972,0.032474,exact_3,0.0956,DEF0000015917,INS0002054580,SCR,BUMPER_R,ABP,MINOR,N,15,479.3,1973.6,132.8,0.9489
bumper_blue_000554,train,bumper,blue,DST,0.504297,0.61875,0.002686,exact_3,0.1124,DEF0000152938,INS0001379416,DST,BUMPER_F,ABP,MINOR,Y,10,108.39,959.6,523.0,0.9653
bumper_blue_000599,train,bumper,blue,ORG,0.598437,0.565278,0.005317,exact_3,0.0911,DEF0000163226,INS0000240372,ORG,BUMPER_F,ABP,MINOR,N,20,8.12,1342.9,617.7,0.9051
bumper_blue_000642,train,bumper,blue,ORG,0.672656,0.4875,0.005942,exact_3,0.1114,DEF0000007554,INS0002666773,ORG,BUMPER_R,ABP,MINOR,N,20,50.86,1461.6,492.8,0.9526
bumper_blue_000642,train,bumper,blue,PBB,0.121484,0.856944,0.004898,exact_3,0.114,DEF0000148475,INS0002061550,PBB,BUMPER_F,ABP,MINOR,Y,30,265.05,398.6,765.6,0.8612
bumper_blue_000642,train,bumper,blue,PDR,0.085156,0.4125,0.002483,exact_3,0.0955,DEF0000085655,INS0001605518,PDR,BUMPER_F,ABP,MINOR,Y,25,227.52,110.5,513.9,0.9597
bumper_bronze_000111,train,bumper,bronze,DNT,0.65,0.172222,0.005625,exact_2,0.0375,DEF0000168811,INS0001438430,DNT,BUMPER_F,TW3,MAJOR,Y,45,112.2,1354.7,84.8,0.9146
bumper_bronze_000111,train,bumper,bronze,DNT,0.374219,0.676389,0.006944,exact_2,0.0579,DEF0000120815,INS0001617115,DNT,BUMPER_R,B3L,MAJOR,Y,45,168.42,727.4,562.3,0.93
bumper_bronze_000226,train,bumper,bronze,PDR,0.210938,0.525694,0.002849,exact_2,0.0275,DEF0000040292,INS0001183440,PDR,BUMPER_F,P2W,MINOR,N,25,267.47,417.2,771.7,0.9811
bumper_bronze_000226,train,bumper,bronze,PDR,0.651563,0.45625,0.004204,exact_2,0.03,DEF0000079869,INS0002964590,PDR,BUMPER_F,P2W,MINOR,N,25,455.48,1320.5,601.2,0.8678
bumper_bronze_000529,train,bumper,bronze,DNT,0.748437,0.4125,0.014601,exact_2,0.0374,DEF0000005164,INS0001157564,DNT,BUMPER_R,N5M,MAJOR,Y,45,416.24,1601.6,314.9,0.9793
bumper_bronze_000609,train,bumper,bronze,PDR,0.6125,0.418056,0.002431,exact_2,0.0374,DEF0000046671,INS0002323369,PDR,BUMPER_R,B3L,MINOR,N,25,169.02,1293.5,504.0,0.9602
bumper_bronze_000664,train,bumper,bronze,PDR,0.532813,0.549306,0.003032,exact_2,0.0304,DEF0000101044,INS0000174139,PDR,BUMPER_R,ABP,MINOR,N,25,273.8,1126.8,798.2,0.9062
bumper_bronze_000664,train,bumper,bronze,DST,0.864844,0.178472,0.003099,exact_2,0.0349,DEF0000096679,INS0000718862,DST,BUMPER_R,P2W,MINOR,N,10,180.79,1797.1,118.3,0.9707
bumper_gray_000028,train,bumper,gray,SCR,0.854688,0.915278,0.001632,exact_3,0.0795,DEF0000078062,INS0002382189,SCR,BUMPER_R,YW6,MINOR,N,15,44.11,1803.1,784.1,0.9376
bumper_gray_000116,train,bumper,gray,ORG,0.896875,0.505556,0.007296,exact_3,0.2143,DEF0000046157,INS0002493563,ORG,BUMPER_F,YW6,MINOR,Y,20,172.48,1846.3,561.6,0.9706
bumper_gray_000137,train,bumper,gray,SCR,0.820312,0.465972,0.010178,exact_3,0.0785,DEF0000158655,INS0001290301,SCR,BUMPER_F,YW6,MINOR,N,15,243.75,1752.8,442.7,0.9391
bumper_gray_000282,train,bumper,gray,GAP,0.507422,0.575,0.027057,exact_3,0.0748,DEF0000109763,INS0002694501,GAP,BUMPER_R,YW6,CRITICAL,Y,60,314.36,1007.6,593.5,0.9097
bumper_gray_000353,train,bumper,gray,DST,0.544922,0.63125,0.003393,exact_3,0.0638,DEF0000062784,INS0001767190,DST,BUMPER_R,YW6,MINOR,N,10,259.69,1284.2,534.9,0.8911
bumper_gray_000550,train,bumper,gray,PBB,0.711719,0.892361,0.002669,exact_3,0.1412,DEF0000104463,INS0001240156,PBB,BUMPER_R,YW6,MINOR,Y,30,110.96,1632.6,781.7,0.9687
bumper_gray_000688,train,bumper,gray,PDR,0.427344,0.204861,0.003527,exact_3,0.076,DEF0000030073,INS0001691666,PDR,BUMPER_F,YW6,MINOR,Y,25,367.8,757.6,140.1,0.8758
bumper_green_000332,train,bumper,green,DST,0.285156,0.445139,0.001947,exact_2,0.0362,DEF0000169879,INS0000080789,DST,BUMPER_F,YW6,MINOR,N,10,6.52,691.1,371.6,0.8684
bumper_green_000518,train,bumper,green,PDR,0.751563,0.35625,0.003093,exact_2,0.0413,DEF0000027949,INS0002283944,PDR,BUMPER_R,N5M,MINOR,N,25,280.07,1554.0,386.9,0.887
bumper_green_000622,train,bumper,green,ORG,0.5125,0.773611,0.009588,exact_2,0.0577,DEF0000013546,INS0000700890,ORG,BUMPER_F,YW6,MINOR,N,20,193.5,999.6,711.5,0.8643
bumper_navy_000053,train,bumper,navy,SCR,0.245703,0.217361,0.01006,exact_2,0.0251,DEF0000102331,INS0001830977,SCR,BUMPER_R,R4M,MINOR,Y,15,273.5,426.5,162.3,0.9002
bumper_navy_000053,train,bumper,navy,SCR,0.739062,0.628472,0.022315,exact_2,0.0296,DEF0000022253,INS0002938783,SCR,BUMPER_F,N5M,MINOR,N,15,456.22,1531.8,524.5,0.8811
bumper_navy_000209,train,bumper,navy,ORG,0.921875,0.356944,0.01,exact_2,0.0235,DEF0000075939,INS0002447719,ORG,BUMPER_R,ABP,MINOR,Y,20,221.36,1995.4,253.8,0.8572
bumper_navy_000209,train,bumper,navy,DNT,0.403125,0.847222,0.01,exact_2,0.0421,DEF0000062653,INS0002210376,DNT,BUMPER_R,YW6,MAJOR,Y,45,280.77,968.9,791.5,0.9807
bumper_navy_000297,train,bumper,navy,SCR,0.575,0.520139,0.003472,exact_2,0.0278,DEF0000073097,INS0001175760,SCR,BUMPER_R,P2W,MINOR,N,15,48.49,1168.5,461.9,0.8723
bumper_navy_000454,train,bumper,navy,ORG,0.14375,0.386111,0.012656,exact_2,0.0478,DEF0000002124,INS0000904009,ORG,BUMPER_R,N5M,MINOR,N,20,319.47,455.4,291.1,0.9329
bumper_navy_000776,train,bumper,navy,PBB,0.894141,0.345139,0.002486,exact_2,0.0502,DEF0000169595,INS0001309458,PBB,BUMPER_F,TW3,MINOR,N,30,31.2,1758.7,267.4,0.8548
bumper_navy_000799,train,bumper,navy,ORG,0.128125,0.319444,0.01615,exact_2,0.0546,DEF0000049113,INS0000929599,ORG,BUMPER_F,SSS,MINOR,Y,20,413.81,236.1,250.7,0.9266
bumper_navy_000799,train,bumper,navy,PDR,0.765625,0.152778,0.002153,exact_2,0.0298,DEF0000126493,INS0000952277,PDR,BUMPER_R,N5M,MINOR,N,25,156.34,1580.5,67.0,0.9217
bumper_pearl_white_000070,train,bumper,white,PBB,0.230469,0.5625,0.002821,exact_3,0.1085,DEF0000034512,INS0002571360,PBB,BUMPER_R,P2W,MINOR,N,30,98.64,601.9,434.1,0.9649
bumper_pearl_white_000070,train,bumper,white,DNT,0.28125,0.301389,0.007296,exact_3,0.0447,DEF0000077637,INS0002103567,DNT,BUMPER_R,P2W,MAJOR,Y,45,187.06,626.7,256.3,0.8564
bumper_pearl_white_000083,train,bumper,white,SCR,0.311328,0.923611,0.012389,exact_3,0.0268,DEF0000041672,INS0001808124,SCR,BUMPER_R,P2W,MINOR,N,15,327.0,531.0,790.2,0.955
bumper_pearl_white_000317,train,bumper,white,SCR,0.567187,0.069444,0.01875,exact_3,0.0333,DEF0000102595,INS0000264854,SCR,BUMPER_F,P2W,MINOR,N,15,397.51,1194.6,80.8,0.923
bumper_pearl_white_000328,train,bumper,white,CRK,0.620703,0.752083,0.040804,exact_3,0.1486,DEF0000043932,INS0001366748,CRK,BUMPER_F,P2W,CRITICAL,Y,90,436.79,1318.9,690.2,0.9816
bumper_pearl_white_000350,train,bumper,white,SCR,0.301172,0.6375,0.006775,exact_3,0.0623,DEF0000005283,INS0002454118,SCR,BUMPER_F,P2W,MINOR,Y,15,179.41,457.4,493.6,0.9085
bumper_pearl_white_000385,train,bumper,white,SCR,0.099609,0.664583,0.010372,exact_3,0.0627,DEF0000119373,INS0000179852,SCR,BUMPER_R,P2W,MINOR,Y,15,282.93,110.0,596.6,0.9001
bumper_pearl_white_000385,train,bumper,white,PBB,0.15625,0.384028,0.004238,exact_3,0.0489,DEF0000075145,INS0002627229,PBB,BUMPER_F,P2W,MINOR,N,30,212.75,402.0,286.9,0.9247
bumper_pearl_white_000385,train,bumper,white,CRK,0.371484,0.472917,0.026659,exact_3,0.1133,DEF0000079955,INS0001500825,CRK,BUMPER_R,P2W,CRITICAL,Y,90,400.56,678.4,311.6,0.8631
bumper_pearl_white_000396,train,bumper,white,DNT,0.639062,0.176389,0.008403,exact_3,0.0663,DEF0000011697,INS0000087935,DNT,BUMPER_R,P2W,MAJOR,Y,45,214.68,1477.7,63.4,0.9723
bumper_pearl_white_000396,train,bumper,white,PDR,0.666406,0.46875,0.004486,exact_3,0.0277,DEF0000013973,INS0002211886,PDR,BUMPER_F,P2W,MINOR,Y,25,477.99,1381.3,632.0,0.9124
bumper_pearl_white_000396,train,bumper,white,SCR,0.207422,0.117361,0.021182,exact_3,0.0637,DEF0000109865,INS0001660021,SCR,BUMPER_F,P2W,MINOR,Y,15,434.05,185.4,94.5,0.8683
bumper_pearl_white_000444,train,bumper,white,ORG,0.319531,0.744444,0.008789,exact_3,0.1068,DEF0000019265,INS0002124790,ORG,BUMPER_R,P2W,MINOR,N,20,123.39,712.3,704.5,0.8885
bumper_pearl_white_000618,train,bumper,white,SCR,0.235547,0.523611,0.002322,exact_3,0.0105,DEF0000096559,INS0001565034,SCR,BUMPER_R,P2W,MINOR,N,15,20.62,355.1,458.4,0.9061
bumper_pearl_white_000618,train,bumper,white,ORG,0.7625,0.561111,0.006267,exact_3,0.0983,DEF0000023195,INS0001381395,ORG,BUMPER_R,P2W,MINOR,Y,20,85.2,1446.1,564.8,0.9073
bumper_pearl_white_000618,train,bumper,white,DNT,0.224219,0.841667,0.012656,exact_3,0.1,DEF0000120330,INS0001722292,DNT,BUMPER_R,P2W,MAJOR,Y,45,339.61,261.0,768.7,0.86
bumper_pearl_white_000784,train,bumper,white,DNT,0.853906,0.6625,0.005317,exact_3,0.0667,DEF0000027432,INS0001714160,DNT,BUMPER_R,P2W,MAJOR,Y,45,89.23,1923.7,597.7,0.9817
bumper_pearl_white_000784,train,bumper,white,DNT,0.89375,0.222222,0.016684,exact_3,0.0444,DEF0000141974,INS0001220950,DNT,BUMPER_F,P2W,MAJOR,Y,45,442.05,1898.1,171.1,0.9743
bumper_red_000159,train,bumper,red,DNT,0.096875,0.233333,0.006944,exact_3,0.1087,DEF0000068142,INS0000104806,DNT,BUMPER_R,R4M,MAJOR,Y,45,136.56,282.1,224.9,0.9301
bumper_red_000159,train,bumper,red,PBB,0.860156,0.383333,0.005139,exact_3,0.0858,DEF0000146111,INS0000807827,PBB,BUMPER_F,R4M,MINOR,Y,30,342.04,1931.0,352.4,0.893
bumper_red_000208,train,bumper,red,DST,0.710938,0.73125,0.00332,exact_3,0.0869,DEF0000132282,INS0001815506,DST,BUMPER_R,R4M,MINOR,N,10,189.17,1548.0,682.1,0.873
bumper_red_000258,train,bumper,red,DST,0.435547,0.672222,0.003587,exact_3,0.1052,DEF0000114449,INS0002571892,DST,BUMPER_F,R4M,MINOR,N,10,352.36,968.8,667.4,0.9035
bumper_red_000362,train,bumper,red,SCR,0.635938,0.261111,0.004648,exact_3,0.0436,DEF0000101252,INS0000339067,SCR,BUMPER_R,R4M,MINOR,Y,15,125.57,1386.9,237.5,0.9884
bumper_red_000363,train,bumper,red,PBB,0.847656,0.544444,0.002391,exact_3,0.0846,DEF0000138995,INS0000176859,PBB,BUMPER_R,R4M,MINOR,N,30,29.86,1868.6,399.7,0.985
bumper_red_000363,train,bumper,red,PBB,0.747266,0.765278,0.004774,exact_3,0.0994,DEF0000052490,INS0001348028,PBB,BUMPER_R,R4M,MINOR,N,30,283.08,1815.0,677.2,0.8971
bumper_red_000382,train,bumper,red,PDR,0.677344,0.235417,0.002871,exact_3,0.0706,DEF0000064536,INS0002928233,PDR,BUMPER_R,R4M,MINOR,Y,25,288.13,1317.4,219.4,0.9661
bumper_red_000382,train,bumper,red,DNT,0.755469,0.498611,0.010851,exact_3,0.0678,DEF0000080349,INS0001031228,DNT,BUMPER_F,R4M,MAJOR,Y,45,292.9,1742.8,378.4,0.9769
bumper_red_000383,train,bumper,red,DNT,0.1,0.368056,0.004444,exact_3,0.0745,DEF0000156584,INS0001318258,DNT,BUMPER_R,R4M,MAJOR,Y,45,60.92,132.4,356.9,0.9249
bumper_red_000508,train,bumper,red,SCR,0.319141,0.569444,0.027817,exact_3,0.0544,DEF0000134165,INS0001974170,SCR,BUMPER_R,R4M,MINOR,Y,15,471.05,541.0,505.5,0.947
bumper_red_000508,train,bumper,red,PDR,0.788281,0.284722,0.002031,exact_3,0.0314,DEF0000067813,INS0000360502,PDR,BUMPER_F,R4M,MINOR,Y,25,133.62,1681.4,282.1,0.8844
bumper_red_000508,train,bumper,red,PBB,0.564844,0.261806,0.006066,exact_3,0.0631,DEF0000120063,INS0002972705,PBB,BUMPER_R,R4M,MINOR,Y,30,431.58,1144.6,193.0,0.8874
bumper_red_000511,train,bumper,red,SCR,0.145703,0.796528,0.009958,exact_3,0.1417,DEF0000047343,INS0001272412,SCR,BUMPER_R,R4M,MINOR,N,15,232.82,236.3,744.8,0.8893
bumper_red_000527,train,bumper,red,SCR,0.732422,0.391667,0.003003,exact_3,0.0525,DEF0000116699,INS0002816278,SCR,BUMPER_R,R4M,MINOR,N,15,40.89,1634.3,354.6,0.9388
bumper_red_000527,train,bumper,red,DNT,0.247656,0.563889,0.008789,exact_3,0.1179,DEF0000115585,INS0000811418,DNT,BUMPER_F,R4M,MAJOR,Y,45,280.07,454.9,415.9,0.8549
bumper_red_000743,train,bumper,red,SCR,0.86875,0.3375,0.020234,exact_3,0.0674,DEF0000054429,INS0000269779,SCR,BUMPER_R,R4M,MINOR,N,15,428.64,1906.0,349.4,0.9358
bumper_red_000743,train,bumper,red,GAP,0.517188,0.561806,0.029948,exact_3,0.0435,DEF0000132621,INS0000217099,GAP,BUMPER_R,R4M,CRITICAL,Y,60,398.5,1199.2,663.3,0.8678
bumper_silver_000039,train,bumper,silver,CRK,0.176172,0.745833,0.022363,exact_3,0.0969,DEF0000002532,INS0001106430,CRK,BUMPER_F,SWP,CRITICAL,Y,90,447.66,242.8,675.5,0.9325
bumper_silver_000136,train,bumper,silver,SCR,0.234375,0.769444,0.003819,exact_3,0.0441,DEF0000141767,INS0002893722,SCR,BUMPER_R,SWP,MINOR,Y,15,78.23,293.9,647.2,0.9195
bumper_silver_000281,train,bumper,silver,SCR,0.804688,0.86875,0.019173,exact_3,0.0524,DEF0000075928,INS0001757282,SCR,BUMPER_R,SWP,MINOR,N,15,396.46,1651.9,718.5,0.977
bumper_silver_000281,train,bumper,silver,DNT,0.817187,0.816667,0.010851,exact_3,0.0763,DEF0000105704,INS0001275036,DNT,BUMPER_F,SWP,MAJOR,Y,45,291.8,1709.2,711.0,0.9247
bumper_silver_000343,train,bumper,silver,DST,0.347656,0.266667,0.003398,exact_3,0.046,DEF0000023246,INS0001579683,DST,BUMPER_R,SWP,MINOR,Y,10,244.78,793.2,203.5,0.8726
bumper_silver_000343,train,bumper,silver,ORG,0.09375,0.15,0.014601,exact_3,0.1318,DEF0000018785,INS0000455317,ORG,BUMPER_R,SWP,MINOR,N,20,389.68,416.5,99.4,0.8904
bumper_silver_000446,train,bumper,silver,GAP,0.333594,0.507639,0.01352,exact_3,0.135,DEF0000068396,INS0000325310,GAP,BUMPER_F,SWP,CRITICAL,Y,60,28.64,480.4,510.8,0.9754
bumper_silver_000495,train,bumper,silver,SCR,0.847266,0.622917,0.012308,exact_3,0.037,DEF0000063919,INS0002975122,SCR,BUMPER_R,SWP,MINOR,Y,15,308.6,1841.4,548.0,0.9119
bumper_silver_000495,train,bumper,silver,PDR,0.789844,0.189583,0.001953,exact_3,0.1057,DEF0000092135,INS0001124896,PDR,BUMPER_R,SWP,MINOR,N,25,117.64,1749.1,148.9,0.906
bumper_silver_000523,train,bumper,silver,DNT,0.395313,0.427778,0.010421,exact_3,0.0709,DEF0000002162,INS0002388092,DNT,BUMPER_F,SWP,MAJOR,Y,45,274.83,742.5,359.5,0.9235
bumper_silver_000625,train,bumper,silver,PBB,0.583984,0.153472,0.004762,exact_3,0.0351,DEF0000097641,INS0001072824,PBB,BUMPER_R,SWP,MINOR,N,30,282.45,1325.2,89.9,0.9575
bumper_silver_000647,train,bumper,silver,PDR,0.317969,0.347222,0.00401,exact_3,0.0985,DEF0000076323,INS0002354266,PDR,BUMPER_R,SWP,MINOR,Y,25,464.42,532.3,441.4,0.9454
bumper_silver_000647,train,bumper,silver,GAP,0.500781,0.486806,0.017409,exact_3,0.0995,DEF0000030640,INS0002816469,GAP,BUMPER_R,SWP,CRITICAL,Y,60,278.72,751.1,397.7,0.9269
bumper_silver_000647,train,bumper,silver,PBB,0.936719,0.345833,0.006424,exact_3,0.0986,DEF0000082058,INS0000901515,PBB,BUMPER_F,SWP,MINOR,N,30,492.21,1831.4,270.7,0.9193
bumper_silver_000656,train,bumper,silver,PDR,0.758594,0.193056,0.003099,exact_3,0.0554,DEF0000036457,INS0002862802,PDR,BUMPER_F,SWP,MINOR,N,25,288.41,1616.6,68.3,0.9676
bumper_silver_000679,train,bumper,silver,DNT,0.284375,0.527778,0.006601,exact_3,0.0759,DEF0000064833,INS0002150411,DNT,BUMPER_F,SWP,MAJOR,Y,45,113.9,512.1,394.3,0.8865
bumper_silver_000679,train,bumper,silver,SCR,0.50625,0.545833,0.010278,exact_3,0.0755,DEF0000115934,INS0002757172,SCR,BUMPER_F,SWP,MINOR,Y,15,274.25,1013.5,411.9,0.9616
bumper_silver_000705,train,bumper,silver,DST,0.470313,0.630556,0.003047,exact_3,0.0708,DEF0000080677,INS0000526111,DST,BUMPER_R,SWP,MINOR,Y,10,192.52,1107.7,519.8,0.9067
bumper_white_000082,train,bumper,white,CRK,0.830469,0.440278,0.016615,exact_3,0.1424,DEF0000160351,INS0001793252,CRK,BUMPER_F,P2W,CRITICAL,Y,90,291.18,1523.4,330.5,0.8831
bumper_white_000147,train,bumper,white,DNT,0.844531,0.626389,0.012192,exact_3,0.0953,DEF0000137818,INS0001628941,DNT,BUMPER_F,P2W,MAJOR,Y,45,362.03,1693.4,462.3,0.9829
bumper_white_000300,train,bumper,white,DST,0.793359,0.346528,0.002473,exact_3,0.0999,DEF0000165045,INS0001282239,DST,BUMPER_R,P2W,MINOR,Y,10,46.92,1789.9,207.3,0.9802
bumper_white_000300,train,bumper,white,DNT,0.907031,0.709722,0.015625,exact_3,0.0294,DEF0000096632,INS0002973748,DNT,BUMPER_F,P2W,MAJOR,Y,45,437.71,1964.8,611.6,0.8703
bumper_white_000556,train,bumper,white,ORG,0.084375,0.515278,0.01,exact_3,0.0761,DEF0000038422,INS0001315445,ORG,BUMPER_R,P2W,MINOR,Y,20,219.12,216.7,545.6,0.8539
bumper_white_000556,train,bumper,white,SCR,0.339062,0.668056,0.004123,exact_3,0.0577,DEF0000124248,INS0002617130,SCR,BUMPER_R,P2W,MINOR,N,15,89.69,533.0,590.2,0.983
bumper_white_000567,train,bumper,white,SCR,0.586719,0.724306,0.00985,exact_3,0.0938,DEF0000128767,INS0001330843,SCR,BUMPER_F,P2W,MINOR,Y,15,295.8,1381.8,600.0,0.9457
bumper_white_000567,train,bumper,white,ORG,0.842187,0.184722,0.011736,exact_3,0.0539,DEF0000061746,INS0001842841,ORG,BUMPER_R,P2W,MINOR,N,20,277.04,1889.7,117.3,0.9762
bumper_white_000567,train,bumper,white,CRK,0.198437,0.789583,0.025892,exact_3,0.1572,DEF0000029744,INS0002129692,CRK,BUMPER_R,P2W,CRITICAL,Y,90,444.22,462.7,660.9,0.98
bumper_white_000586,train,bumper,white,SCR,0.332031,0.202778,0.012535,exact_3,0.0533,DEF0000031326,INS0000830351,SCR,BUMPER_F,P2W,MINOR,N,15,322.26,498.8,159.6,0.917
bumper_white_000589,train,bumper,white,CRK,0.358594,0.192361,0.013177,exact_3,0.0871,DEF0000043475,INS0000135402,CRK,BUMPER_R,P2W,CRITICAL,Y,90,145.19,497.5,140.7,0.8614
bumper_white_000634,train,bumper,white,SCR,0.656641,0.294444,0.008932,exact_3,0.0469,DEF0000138127,INS0000501933,SCR,BUMPER_F,P2W,MINOR,N,15,249.43,1348.4,247.7,0.8811
bumper_white_000674,train,bumper,white,DNT,0.789062,0.661111,0.007296,exact_3,0.0837,DEF0000005650,INS0000672010,DNT,BUMPER_R,P2W,MAJOR,Y,45,139.4,1623.7,589.3,0.8992
bumper_white_000756,train,bumper,white,DNT,0.110937,0.290278,0.004727,exact_3,0.0891,DEF0000052082,INS0000396472,DNT,BUMPER_F,P2W,MAJOR,Y,45,48.52,341.0,238.6,0.9606
fender_black_000090,train,fender,black,SCR,0.780078,0.717361,0.012903,exact_3,0.0397,DEF0000106339,INS0002058600,SCR,FF,B3L,MINOR,Y,15,332.0,1613.2,595.7,0.9193
fender_black_000090,train,fender,black,DST,0.814844,0.388194,0.003841,exact_3,0.0869,DEF0000012309,INS0001902987,DST,FF,B3L,MINOR,N,10,355.06,1755.8,333.2,0.9371
fender_black_000090,train,fender,black,ORG,0.40625,0.479167,0.007656,exact_3,0.0805,DEF0000032829,INS0001417164,ORG,FF,B3L,MINOR,N,20,119.49,1022.9,456.7,0.969
fender_black_000095,train,fender,black,SCR,0.399219,0.854861,0.005651,exact_3,0.015,DEF0000111565,INS0002531565,SCR,RF,B3L,MINOR,N,15,155.3,766.9,712.8,0.8956
fender_black_000095,train,fender,black,DST,0.190625,0.472222,0.002934,exact_3,0.0825,DEF0000095450,INS0000106240,DST,FF,B3L,MINOR,Y,10,141.07,314.6,391.4,0.9341
fender_black_000182,train,fender,black,SCR,0.089844,0.234722,0.006493,exact_3,0.0854,DEF0000045924,INS0000206764,SCR,RF,B3L,MINOR,N,15,179.51,239.2,148.4,0.9361
fender_black_000738,train,fender,black,ORG,0.491406,0.793056,0.015625,exact_3,0.0381,DEF0000160415,INS0002001985,ORG,RF,B3L,MINOR,N,20,403.14,1062.6,731.2,0.8765
fender_black_000766,train,fender,black,CRK,0.69375,0.406944,0.014193,exact_3,0.0745,DEF0000039615,INS0000643251,CRK,RF,B3L,CRITICAL,Y,90,195.3,1556.2,326.5,0.9351
fender_black_000766,train,fender,black,DNT,0.7625,0.172222,0.012192,exact_3,0.0557,DEF0000105111,INS0002490956,DNT,FF,B3L,MAJOR,Y,45,328.64,1619.2,52.9,0.8524
fender_blue_000077,train,fender,blue,GAP,0.518359,0.749306,0.028325,exact_3,0.0648,DEF0000085896,INS0001966421,GAP,RF,ABP,CRITICAL,Y,60,370.45,1136.0,793.5,0.8762
fender_blue_000077,train,fender,blue,PBB,0.1125,0.45625,0.005393,exact_3,0.1002,DEF0000008594,INS0002987726,PBB,FF,ABP,MINOR,N,30,400.62,262.9,403.0,0.8903
fender_blue_000079,train,fender,blue,PBB,0.493359,0.348611,0.0048,exact_3,0.0771,DEF0000144286,INS0001205551,PBB,FF,ABP,MINOR,N,30,266.33,999.7,252.0,0.8664
fender_blue_000128,train,fender,blue,PBB,0.482422,0.35,0.004115,exact_3,0.0292,DEF0000013620,INS0000834177,PBB,RF,ABP,MINOR,N,30,182.43,838.2,290.8,0.9772
fender_blue_000128,train,fender,blue,DNT,0.860938,0.715278,0.014601,exact_3,0.0836,DEF0000162050,INS0002960332,DNT,FF,ABP,MAJOR,Y,45,398.47,1677.6,619.6,0.9842
fender_blue_000236,train,fender,blue,PBB,0.912109,0.647222,0.00202,exact_3,0.0794,DEF0000097586,INS0002953966,PBB,RF,ABP,MINOR,Y,30,14.44,1875.4,642.0,0.8557
fender_blue_000236,train,fender,blue,SCR,0.401953,0.84375,0.008514,exact_3,0.0366,DEF0000120271,INS0002990926,SCR,RF,ABP,MINOR,N,15,239.06,741.5,725.7,0.9743
fender_blue_000236,train,fender,blue,DNT,0.125,0.854167,0.006944,exact_3,0.0914,DEF0000160783,INS0002886675,DNT,RF,ABP,MAJOR,Y,45,180.58,344.6,753.1,0.8781
fender_blue_000319,train,fender,blue,PDR,0.439063,0.4375,0.002626,exact_3,0.0418,DEF0000094112,INS0000113710,PDR,FF,ABP,MINOR,N,25,208.49,1000.7,577.8,0.9498
fender_blue_000379,train,fender,blue,SCR,0.109766,0.296528,0.018252,exact_3,0.0955,DEF0000075384,INS0001541574,SCR,RF,ABP,MINOR,N,15,389.69,260.2,305.0,0.934
fender_blue_000437,train,fender,blue,PBB,0.564063,0.429861,0.005241,exact_3,0.0669,DEF0000020585,INS0000818128,PBB,FF,ABP,MINOR,Y,30,358.88,1129.4,378.8,0.9394
fender_blue_000560,train,fender,blue,PDR,0.775,0.4875,0.003125,exact_3,0.088,DEF0000147994,INS0000078737,PDR,RF,ABP,MINOR,N,25,318.44,1775.5,677.9,0.8716
fender_blue_000560,train,fender,blue,PDR,0.33125,0.384028,0.003509,exact_3,0.1178,DEF0000034784,INS0001410574,PDR,RF,ABP,MINOR,Y,25,410.78,734.5,502.2,0.927
fender_blue_000560,train,fender,blue,DST,0.785547,0.557639,0.003623,exact_3,0.1012,DEF0000049558,INS0002848607,DST,FF,ABP,MINOR,N,10,319.61,1540.3,563.6,0.9707
fender_blue_000569,train,fender,blue,ORG,0.533594,0.525,0.010421,exact_3,0.1207,DEF0000135002,INS0000476155,ORG,RF,ABP,MINOR,N,20,272.84,1292.8,556.3,0.8657
fender_blue_000569,train,fender,blue,PBB,0.495703,0.170139,0.003337,exact_3,0.0743,DEF0000099815,INS0001413649,PBB,RF,ABP,MINOR,Y,30,79.9,970.2,119.7,0.875
fender_blue_000569,train,fender,blue,CRK,0.497656,0.485417,0.014976,exact_3,0.051,DEF0000075572,INS0000071762,CRK,FF,ABP,CRITICAL,Y,90,195.78,857.6,377.6,0.895
fender_blue_000683,train,fender,blue,PDR,0.558594,0.340972,0.001584,exact_3,0.1009,DEF0000066709,INS0000994925,PDR,FF,ABP,MINOR,N,25,14.78,1047.4,317.7,0.9766
fender_blue_000719,train,fender,blue,DNT,0.558594,0.472222,0.003906,exact_3,0.1213,DEF0000139740,INS0002694904,DNT,RF,ABP,MAJOR,Y,45,28.08,1063.3,336.4,0.881
fender_blue_000731,train,fender,blue,PBB,0.521875,0.510417,0.00416,exact_3,0.0754,DEF0000063649,INS0001917455,PBB,RF,ABP,MINOR,Y,30,200.45,1155.0,399.5,0.8591
fender_blue_000731,train,fender,blue,SCR,0.606641,0.41875,0.008347,exact_3,0.0832,DEF0000061758,INS0000899986,SCR,RF,ABP,MINOR,N,15,265.85,1381.8,324.5,0.9899
fender_bronze_000044,train,fender,bronze,DNT,0.8125,0.593056,0.004727,exact_2,0.0466,DEF0000166526,INS0001569856,DNT,RF,R4M,MAJOR,Y,45,43.16,1726.8,486.1,0.983
fender_bronze_000068,train,fender,bronze,SCR,0.162891,0.645833,0.004655,exact_2,0.0164,DEF0000089881,INS0002942337,SCR,RF,SWP,MINOR,N,15,101.19,242.0,534.4,0.8597
fender_bronze_000068,train,fender,bronze,SCR,0.463281,0.71875,0.004759,exact_2,0.0314,DEF0000020525,INS0002830492,SCR,RF,W8Y,MINOR,N,15,124.36,952.7,609.2,0.8948
fender_bronze_000068,train,fender,bronze,PDR,0.900781,0.2875,0.001958,exact_2,0.0766,DEF0000007837,INS0001163656,PDR,FF,B3L,MINOR,Y,25,68.4,1925.6,242.8,0.9706
fender_bronze_000087,train,fender,bronze,PBB,0.63125,0.282639,0.004329,exact_2,0.0498,DEF0000007931,INS0002927257,PBB,RF,SWP,MINOR,N,30,242.26,1410.5,214.4,0.9189
fender_bronze_000140,train,fender,bronze,SCR,0.385156,0.408333,0.00625,exact_2,0.0327,DEF0000017107,INS0000974131,SCR,RF,N5M,MINOR,N,15,180.24,738.9,363.8,0.9694
fender_bronze_000230,train,fender,bronze,SCR,0.384375,0.625,0.015738,exact_2,0.0252,DEF0000059722,INS0001540260,SCR,FF,B3L,MINOR,Y,15,367.29,683.4,509.9,0.9522
fender_bronze_000501,train,fender,bronze,DNT,0.777344,0.255556,0.007656,exact_2,0.0421,DEF0000147482,INS0002142102,DNT,RF,YW6,MAJOR,Y,45,174.6,1741.3,183.3,0.9626
fender_bronze_000559,train,fender,bronze,PDR,0.175781,0.446528,0.001758,exact_2,0.0503,DEF0000051026,INS0002327230,PDR,FF,ABP,MINOR,N,25,60.94,207.1,604.0,0.9835
fender_bronze_000612,train,fender,bronze,PDR,0.214844,0.417361,0.001584,exact_2,0.0491,DEF0000072154,INS0001731886,PDR,FF,P2W,MINOR,N,25,10.45,455.0,520.5,0.8613
fender_bronze_000709,train,fender,bronze,DST,0.258984,0.8375,0.00319,exact_2,0.0507,DEF0000018764,INS0000731742,DST,RF,ABP,MINOR,N,10,175.25,578.3,735.6,0.9073
fender_bronze_000709,train,fender,bronze,SCR,0.883203,0.65625,0.009476,exact_2,0.0613,DEF0000015522,INS0001951402,SCR,RF,B3L,MINOR,N,15,265.93,1978.6,506.1,0.9772
fender_bronze_000709,train,fender,bronze,DNT,0.685156,0.676389,0.009588,exact_2,0.0134,DEF0000106908,INS0000184583,DNT,RF,B3L,MAJOR,Y,45,250.41,1481.2,602.1,0.9105
fender_bronze_000794,train,fender,bronze,SCR,0.863672,0.420833,0.017264,exact_2,0.036,DEF0000032284,INS0001876944,SCR,RF,P2W,MINOR,N,15,399.05,1911.3,381.1,0.9702
fender_bronze_000794,train,fender,bronze,DNT,0.557031,0.408333,0.013129,exact_2,0.0457,DEF0000046226,INS0002579720,DNT,RF,W8Y,MAJOR,Y,45,376.76,1319.7,330.9,0.9267
fender_gray_000180,train,fender,gray,SCR,0.196094,0.247222,0.00474,exact_3,0.0212,DEF0000070800,INS0001981141,SCR,FF,YW6,MINOR,N,15,120.92,308.1,202.5,0.94
fender_gray_000290,train,fender,gray,SCR,0.848047,0.895833,0.00694,exact_3,0.0692,DEF0000034529,INS0001363502,SCR,FF,YW6,MINOR,N,15,229.1,1853.6,742.6,0.9166
fender_gray_000390,train,fender,gray,PBB,0.406641,0.1875,0.005143,exact_3,0.0829,DEF0000035623,INS0002959395,PBB,FF,YW6,MINOR,Y,30,319.02,927.8,86.2,0.8722
fender_gray_000619,train,fender,gray,DST,0.220312,0.506944,0.00293,exact_3,0.0791,DEF0000166463,INS0000040265,DST,FF,YW6,MINOR,N,10,119.89,517.8,406.7,0.9421
fender_gray_000735,train,fender,gray,PBB,0.542578,0.58125,0.00364,exact_3,0.0652,DEF0000018904,INS0002679635,PBB,FF,YW6,MINOR,N,30,95.19,1043.5,508.9,0.9219
fender_gray_000735,train,fender,gray,SCR,0.578906,0.734028,0.023177,exact_3,0.1206,DEF0000033243,INS0000396189,SCR,RF,YW6,MINOR,N,15,458.01,1219.4,697.0,0.9409
fender_green_000115,train,fender,green,DST,0.174219,0.425,0.003398,exact_2,0.0303,DEF0000168138,INS0000821195,DST,RF,SWP,MINOR,N,10,242.25,350.1,339.6,0.9786
fender_green_000167,train,fender,green,SCR,0.486719,0.108333,0.015495,exact_2,0.0125,DEF0000116536,INS0000120708,SCR,FF,P2W,MINOR,N,15,367.45,1040.1,97.4,0.8613
fender_green_000167,train,fender,green,SCR,0.8625,0.150694,0.011248,exact_2,0.0111,DEF0000030655,INS0002627993,SCR,FF,WC9,MINOR,N,15,301.58,1866.2,112.0,0.9572
fender_green_000471,train,fender,green,PDR,0.610938,0.245139,0.002984,exact_2,0.0319,DEF0000146401,INS0002049330,PDR,FF,W8Y,MINOR,N,25,281.27,1183.3,228.3,0.8535
fender_green_000471,train,fender,green,SCR,0.389453,0.202083,0.007829,exact_2,0.0164,DEF0000024883,INS0000566347,SCR,RF,N5M,MINOR,N,15,217.97,724.9,156.8,0.9009
fender_green_000471,train,fender,green,ORG,0.863281,0.266667,0.016684,exact_2,0.0393,DEF0000041709,INS0001262758,ORG,FF,N5M,MINOR,N,20,451.14,1844.0,187.9,0.8697
fender_green_000490,train,fender,green,DST,0.792969,0.414583,0.003457,exact_2,0.024,DEF0000068679,INS0000125307,DST,FF,SWP,MINOR,N,10,279.34,1673.9,333.5,0.9553
fender_green_000490,train,fender,green,DST,0.141016,0.68125,0.003897,exact_2,0.0509,DEF0000095088,INS0000345719,DST,RF,SSS,MINOR,N,10,387.04,243.2,644.6,0.9214
fender_green_000549,train,fender,green,PDR,0.711719,0.268056,0.001719,exact_2,0.0568,DEF0000101984,INS0002372201,PDR,RF,B3L,MINOR,Y,25,32.12,1548.5,257.8,0.8868
fender_green_000623,train,fender,green,ORG,0.125781,0.772222,0.015109,exact_2,0.0396,DEF0000057308,INS0001857441,ORG,FF,P2W,MINOR,N,20,407.64,298.4,701.5,0.9627
fender_green_000623,train,fender,green,SCR,0.417578,0.886111,0.033498,exact_2,0.0301,DEF0000158525,INS0000336128,SCR,RF,B3L,MINOR,N,15,495.14,852.8,770.2,0.8594
fender_green_000623,train,fender,green,DNT,0.136719,0.583333,0.006601,exact_2,0.0234,DEF0000114873,INS0001563750,DNT,RF,ABP,MAJOR,Y,45,133.93,257.5,442.2,0.9191
fender_navy_000513,train,fender,navy,ORG,0.630469,0.722222,0.015109,exact_2,0.0808,DEF0000155189,INS0001861555,ORG,FF,SSS,MINOR,N,20,383.72,1250.4,643.8,0.9675
fender_pearl_white_000003,train,fender,white,DNT,0.110937,0.616667,0.006944,exact_3,0.0322,DEF0000102074,INS0000093718,DNT,FF,P2W,MAJOR,Y,45,146.53,162.8,478.8,0.899
fender_pearl_white_000003,train,fender,white,DNT,0.432031,0.673611,0.006944,exact_3,0.0686,DEF0000113008,INS0001167606,DNT,RF,P2W,MAJOR,Y,45,144.37,1131.4,609.5,0.8556
fender_pearl_white_000032,train,fender,white,SCR,0.315234,0.900694,0.008109,exact_3,0.0443,DEF0000094413,INS0002016763,SCR,RF,P2W,MINOR,N,15,228.99,617.9,759.0,0.9204
fender_pearl_white_000130,train,fender,white,DST,0.511328,0.755556,0.003574,exact_3,0.0546,DEF0000037477,INS0002987646,DST,RF,P2W,MINOR,N,10,316.15,1061.5,674.1,0.9719
fender_pearl_white_000130,train,fender,white,DST,0.730859,0.263889,0.004238,exact_3,0.0165,DEF0000108786,INS0002292141,DST,FF,P2W,MINOR,Y,10,458.1,1521.6,171.4,0.9818
fender_pearl_white_000132,train,fender,white,DST,0.800391,0.296528,0.003174,exact_3,0.0416,DEF0000057070,INS0002719157,DST,RF,P2W,MINOR,Y,10,174.29,1728.9,222.7,0.885
fender_pearl_white_000269,train,fender,white,GAP,0.305469,0.470139,0.014078,exact_3,0.0868,DEF0000136516,INS0000666628,GAP,FF,P2W,CRITICAL,Y,60,99.74,115.6,297.5,0.9023
fender_pearl_white_000269,train,fender,white,ORG,0.8375,0.2375,0.013611,exact_3,0.0418,DEF0000014875,INS0001741260,ORG,RF,P2W,MINOR,N,20,342.54,1711.7,151.6,0.8649
fender_pearl_white_000352,train,fender,white,PDR,0.660156,0.157639,0.00206,exact_3,0.0349,DEF0000064353,INS0002810878,PDR,FF,P2W,MINOR,N,25,115.91,1351.7,53.3,0.98
fender_pearl_white_000352,train,fender,white,SCR,0.544531,0.696528,0.003164,exact_3,0.0394,DEF0000112344,INS0000301092,SCR,FF,P2W,MINOR,Y,15,39.44,1208.3,593.6,0.9326
fender_pearl_white_000352,train,fender,white,PDR,0.403125,0.479167,0.003451,exact_3,0.0663,DEF0000159548,INS0001020529,PDR,FF,P2W,MINOR,N,25,358.93,745.5,707.3,0.8786
fender_pearl_white_000684,train,fender,white,SCR,0.130469,0.85625,0.016758,exact_3,0.0427,DEF0000026815,INS0000050572,SCR,FF,P2W,MINOR,N,15,372.94,109.0,713.9,0.9642
fender_pearl_white_000684,train,fender,white,ORG,0.591406,0.583333,0.007656,exact_3,0.0769,DEF0000133287,INS0002662627,ORG,FF,P2W,MINOR,N,20,150.01,1296.3,604.7,0.8595
fender_pearl_white_000684,train,fender,white,GAP,0.467187,0.519444,0.014388,exact_3,0.1181,DEF0000063228,INS0000876103,GAP,RF,P2W,CRITICAL,Y,60,130.27,302.8,466.0,0.9763
fender_pearl_white_000703,train,fender,white,GAP,0.502734,0.586806,0.029373,exact_3,0.068,DEF0000122554,INS0001989755,GAP,FF,P2W,CRITICAL,Y,60,409.07,1067.7,671.0,0.8526
fender_pearl_white_000703,train,fender,white,DNT,0.313281,0.768056,0.011736,exact_3,0.0514,DEF0000128232,INS0001028543,DNT,FF,P2W,MAJOR,Y,45,305.56,659.5,698.8,0.8706
fender_pearl_white_000703,train,fender,white,DST,0.875391,0.302083,0.003777,exact_3,0.0727,DEF0000147474,INS0000984686,DST,FF,P2W,MINOR,N,10,368.03,1834.0,198.8,0.9157
fender_pearl_white_000741,train,fender,white,DNT,0.410156,0.856944,0.006944,exact_3,0.0514,DEF0000127388,INS0002662036,DNT,FF,P2W,MAJOR,Y,45,139.55,961.8,761.9,0.9424
fender_red_000099,train,fender,red,DNT,0.735938,0.615278,0.005942,exact_3,0.0747,DEF0000020816,INS0002758390,DNT,RF,R4M,MAJOR,Y,45,131.35,1552.3,536.8,0.8835
fender_red_000100,train,fender,red,ORG,0.303906,0.516667,0.018338,exact_3,0.2417,DEF0000055241,INS0001071971,ORG,RF,R4M,MINOR,N,20,457.78,594.9,671.4,0.954
fender_red_000123,train,fender,red,DST,0.456641,0.61875,0.002686,exact_3,0.1175,DEF0000055585,INS0002374470,DST,RF,R4M,MINOR,Y,10,87.63,1195.3,575.6,0.9029
fender_red_000127,train,fender,red,SCR,0.617969,0.439583,0.024208,exact_3,0.0691,DEF0000028634,INS0001484713,SCR,FF,R4M,MINOR,N,15,447.73,1430.1,357.0,0.9447
fender_red_000127,train,fender,red,GAP,0.519922,0.463889,0.013292,exact_3,0.035,DEF0000126251,INS0001136817,GAP,FF,R4M,CRITICAL,Y,60,47.61,1245.6,252.8,0.899
fender_red_000127,train,fender,red,GAP,0.366406,0.522222,0.014531,exact_3,0.1081,DEF0000018326,INS0002128424,GAP,RF,R4M,CRITICAL,Y,60,186.65,252.1,541.4,0.9688
fender_red_000360,train,fender,red,DNT,0.410938,0.180556,0.007656,exact_3,0.0849,DEF0000089185,INS0001650287,DNT,FF,R4M,MAJOR,Y,45,149.92,890.8,81.9,0.8908
fender_red_000564,train,fender,red,PBB,0.085547,0.320139,0.004699,exact_3,0.1339,DEF0000010490,INS0000000877,PBB,RF,R4M,MINOR,N,30,230.02,284.2,192.5,0.9715
fender_red_000606,train,fender,red,PBB,0.323828,0.771528,0.004029,exact_3,0.1166,DEF0000169708,INS0002120733,PBB,FF,R4M,MINOR,N,30,140.75,674.3,770.3,0.9513
fender_red_000606,train,fender,red,ORG,0.904687,0.511111,0.012656,exact_3,0.1947,DEF0000096240,INS0000630009,ORG,RF,R4M,MINOR,N,20,328.8,1989.8,323.9,0.868
fender_red_000759,train,fender,red,SCR,0.691797,0.115278,0.008236,exact_3,0.0707,DEF0000135823,INS0001177077,SCR,FF,R4M,MINOR,Y,15,258.16,1543.9,65.8,0.9242
fender_red_000759,train,fender,red,PBB,0.589844,0.849306,0.004514,exact_3,0.1704,DEF0000116510,INS0001814712,PBB,RF,R4M,MINOR,N,30,230.98,1012.5,753.3,0.8839
fender_silver_000072,train,fender,silver,CRK,0.806641,0.278472,0.013285,exact_3,0.0741,DEF0000121505,INS0001560586,CRK,FF,SWP,CRITICAL,Y,90,145.91,1795.2,160.7,0.9513
fender_silver_000072,train,fender,silver,ORG,0.201563,0.288889,0.006601,exact_3,0.1534,DEF0000136727,INS0001091555,ORG,RF,SWP,MINOR,Y,20,109.03,389.8,170.1,0.9006
fender_silver_000072,train,fender,silver,PDR,0.644531,0.420833,0.00395,exact_3,0.0847,DEF0000043037,INS0002063260,PDR,RF,SWP,MINOR,Y,25,427.0,1380.8,486.6,0.9254
fender_silver_000108,train,fender,silver,DST,0.782813,0.640278,0.002578,exact_3,0.0753,DEF0000082967,INS0001691930,DST,RF,SWP,MINOR,Y,10,42.05,1711.1,585.7,0.9708
fender_silver_000210,train,fender,silver,PDR,0.828906,0.4625,0.001719,exact_3,0.0466,DEF0000162043,INS0001438371,PDR,RF,SWP,MINOR,N,25,59.8,1763.2,622.6,0.9243
fender_silver_000242,train,fender,silver,ORG,0.165625,0.720833,0.016684,exact_3,0.0856,DEF0000076671,INS0002805741,ORG,FF,SWP,MINOR,Y,20,413.75,316.8,676.9,0.9585
fender_silver_000242,train,fender,silver,PBB,0.321094,0.85,0.003958,exact_3,0.1336,DEF0000157918,INS0002565136,PBB,FF,SWP,MINOR,N,30,95.19,652.2,780.7,0.9403
fender_silver_000276,train,fender,silver,DST,0.130859,0.868056,0.004236,exact_3,0.0427,DEF0000115876,INS0000025988,DST,RF,SWP,MINOR,N,10,463.34,177.7,773.7,0.8599
fender_silver_000517,train,fender,silver,PBB,0.828906,0.338194,0.006517,exact_3,0.0665,DEF0000074057,INS0002088773,PBB,RF,SWP,MINOR,N,30,482.94,1834.1,282.8,0.8632
fender_silver_000627,train,fender,silver,ORG,0.915625,0.277778,0.007656,exact_3,0.1518,DEF0000110029,INS0000652629,ORG,RF,SWP,MINOR,N,20,148.76,1719.0,286.8,0.8778
fender_silver_000627,train,fender,silver,DST,0.28125,0.488889,0.004297,exact_3,0.1008,DEF0000128946,INS0000489740,DST,FF,SWP,MINOR,N,10,499.88,759.9,472.2,0.8815
fender_white_000029,train,fender,white,ORG,0.379688,0.197222,0.011289,exact_3,0.0885,DEF0000170184,INS0000707031,ORG,FF,P2W,MINOR,Y,20,243.07,892.2,54.3,0.8731
fender_white_000029,train,fender,white,PBB,0.66875,0.185417,0.004512,exact_3,0.0411,DEF0000096188,INS0000477909,PBB,RF,P2W,MINOR,N,30,230.25,1458.9,92.3,0.909
fender_white_000029,train,fender,white,CRK,0.559375,0.563194,0.020052,exact_3,0.0769,DEF0000127470,INS0000891215,CRK,FF,P2W,CRITICAL,Y,90,377.88,976.5,506.5,0.8524
fender_white_000389,train,fender,white,PBB,0.15625,0.590278,0.004306,exact_3,0.1136,DEF0000093855,INS0002310405,PBB,RF,P2W,MINOR,N,30,228.41,141.3,498.8,0.987
fender_white_000576,train,fender,white,SCR,0.751563,0.874306,0.007997,exact_3,0.0378,DEF0000003710,INS0001253783,SCR,RF,P2W,MINOR,N,15,243.15,1581.0,744.0,0.8753
fender_white_000720,train,fender,white,PBB,0.469922,0.250694,0.006266,exact_3,0.0283,DEF0000042898,INS0000117752,PBB,FF,P2W,MINOR,N,30,439.12,864.1,159.8,0.8571
fender_white_000720,train,fender,white,PBB,0.9,0.301389,0.004427,exact_3,0.0266,DEF0000167485,INS0000764997,PBB,FF,P2W,MINOR,N,30,248.37,1902.5,226.6,0.9396
front_door_black_000065,train,front_door,black,SCR,0.651563,0.5875,0.016614,exact_3,0.0437,DEF0000070144,INS0002787338,SCR,FD,B3L,MINOR,N,15,371.93,1419.2,471.1,0.9407
front_door_black_000065,train,front_door,black,ORG,0.550781,0.513889,0.015625,exact_3,0.1109,DEF0000001354,INS0002379008,ORG,FD,B3L,MINOR,Y,20,369.32,1241.3,533.0,0.9034
front_door_black_000065,train,front_door,black,PBB,0.585938,0.282639,0.004601,exact_3,0.0777,DEF0000043550,INS0001782483,PBB,FD,B3L,MINOR,Y,30,228.57,1325.3,182.0,0.9465
front_door_black_000263,train,front_door,black,SCR,0.779687,0.161111,0.005226,exact_3,0.0607,DEF0000137476,INS0000399341,SCR,FD,B3L,MINOR,Y,15,140.52,1781.7,111.9,0.8992
front_door_black_000272,train,front_door,black,DNT,0.790625,0.741667,0.004727,exact_3,0.0487,DEF0000033766,INS0000988970,DNT,FD,B3L,MAJOR,Y,45,52.64,1682.2,642.3,0.9332
front_door_black_000399,train,front_door,black,DNT,0.369531,0.434722,0.005942,exact_3,0.0792,DEF0000049069,INS0001411532,DNT,FD,B3L,MAJOR,Y,45,87.2,629.6,369.4,0.9585
front_door_black_000491,train,front_door,black,PDR,0.340625,0.395833,0.004557,exact_3,0.0671,DEF0000088976,INS0001276490,PDR,FD,B3L,MINOR,Y,25,482.27,729.3,507.4,0.8526
front_door_black_000491,train,front_door,black,ORG,0.658594,0.691667,0.009588,exact_3,0.0827,DEF0000018642,INS0000101007,ORG,FD,B3L,MINOR,Y,20,204.46,1488.9,693.5,0.9205
front_door_black_000491,train,front_door,black,SCR,0.358203,0.286806,0.006705,exact_3,0.0818,DEF0000118531,INS0001652189,SCR,FD,B3L,MINOR,N,15,166.21,526.2,231.1,0.9213
front_door_black_000725,train,front_door,black,SCR,0.417187,0.10625,0.013828,exact_3,0.0488,DEF0000110664,INS0000019442,SCR,FD,B3L,MINOR,N,15,354.24,927.7,67.9,0.9483
front_door_black_000725,train,front_door,black,DNT,0.344531,0.273611,0.005017,exact_3,0.0457,DEF0000010092,INS0002989626,DNT,FD,B3L,MAJOR,Y,45,53.39,720.1,179.7,0.9497
front_door_black_000746,train,front_door,black,GAP,0.268359,0.470139,0.01435,exact_3,0.0174,DEF0000051069,INS0002225495,GAP,FD,B3L,CRITICAL,Y,60,119.79,169.5,275.1,0.9741
front_door_black_000746,train,front_door,black,DNT,0.388281,0.388889,0.008403,exact_3,0.0567,DEF0000133515,INS0000995069,DNT,FD,B3L,MAJOR,Y,45,195.68,843.7,358.1,0.913
front_door_black_000746,train,front_door,black,DNT,0.517188,0.152778,0.005942,exact_3,0.1146,DEF0000028678,INS0000517606,DNT,FD,B3L,MAJOR,Y,45,101.14,1246.5,144.7,0.9157
front_door_black_000783,train,front_door,black,DST,0.691016,0.136111,0.004653,exact_3,0.1305,DEF0000052762,INS0001958494,DST,FD,B3L,MINOR,Y,10,485.81,1650.1,76.2,0.874
front_door_blue_000092,train,front_door,blue,ORG,0.823438,0.529167,0.012656,exact_3,0.1594,DEF0000073667,INS0002445284,ORG,FD,ABP,MINOR,Y,20,384.74,1556.1,541.0,0.9171
front_door_blue_000092,train,front_door,blue,SCR,0.758594,0.16875,0.005176,exact_3,0.0744,DEF0000113802,INS0000553342,SCR,FD,ABP,MINOR,N,15,143.98,1766.3,131.0,0.9476
front_door_blue_000163,train,front_door,blue,PDR,0.091406,0.315278,0.003429,exact_3,0.0836,DEF0000155248,INS0001503255,PDR,FD,ABP,MINOR,N,25,327.23,192.0,385.5,0.8689
front_door_blue_000163,train,front_door,blue,ORG,0.290625,0.406944,0.012192,exact_3,0.0892,DEF0000133130,INS0002480397,ORG,FD,ABP,MINOR,N,20,312.21,826.9,325.0,0.9506
front_door_blue_000207,train,front_door,blue,DNT,0.446094,0.365278,0.006601,exact_3,0.0914,DEF0000047750,INS0002967679,DNT,FD,ABP,MAJOR,Y,45,152.43,880.6,310.2,0.8844
front_door_blue_000249,train,front_door,blue,SCR,0.427734,0.83125,0.022061,exact_3,0.0883,DEF0000168500,INS0001035706,SCR,FD,ABP,MINOR,Y,15,477.93,770.6,705.9,0.958
front_door_blue_000249,train,front_door,blue,DST,0.717187,0.488889,0.003646,exact_3,0.1086,DEF0000072372,INS0002227338,DST,FD,ABP,MINOR,Y,10,317.29,1586.7,489.6,0.8563
front_door_blue_000249,train,front_door,blue,DST,0.061719,0.622222,0.003398,exact_3,0.1337,DEF0000055378,INS0000621019,DST,FD,ABP,MINOR,N,10,287.94,155.6,632.3,0.8972
front_door_blue_000288,train,front_door,blue,PBB,0.072266,0.286111,0.00332,exact_3,0.0947,DEF0000164326,INS0002156929,PBB,FD,ABP,MINOR,N,30,76.56,296.8,190.8,0.9599
front_door_blue_000348,train,front_door,blue,SCR,0.348047,0.240278,0.008832,exact_3,0.0489,DEF0000030668,INS0000757726,SCR,FD,ABP,MINOR,N,15,241.52,550.8,209.6,0.9158
front_door_blue_000348,train,front_door,blue,GAP,0.488281,0.553472,0.02908,exact_3,0.1443,DEF0000031908,INS0000359368,GAP,FD,ABP,CRITICAL,Y,60,324.34,592.2,570.7,0.8757
front_door_blue_000392,train,front_door,blue,PBB,0.298047,0.581944,0.003264,exact_3,0.1003,DEF0000116809,INS0001164358,PBB,FD,ABP,MINOR,N,30,77.17,426.3,501.9,0.9666
front_door_blue_000515,train,front_door,blue,SCR,0.601172,0.427083,0.006533,exact_3,0.0559,DEF0000072736,INS0000941707,SCR,FD,ABP,MINOR,N,15,183.68,1267.5,407.0,0.8799
front_door_blue_000534,train,front_door,blue,PBB,0.141016,0.631944,0.006625,exact_3,0.0848,DEF0000008623,INS0001554691,PBB,FD,ABP,MINOR,N,30,454.36,327.5,632.3,0.9405
front_door_blue_000588,train,front_door,blue,DST,0.179297,0.232639,0.002924,exact_3,0.1016,DEF0000008781,INS0001641814,DST,FD,ABP,MINOR,N,10,155.31,570.8,133.9,0.8916
front_door_blue_000588,train,front_door,blue,SCR,0.227344,0.254861,0.006439,exact_3,0.0601,DEF0000058850,INS0000588995,SCR,FD,ABP,MINOR,N,15,161.65,259.0,194.4,0.8751
front_door_blue_000588,train,front_door,blue,ORG,0.08125,0.401389,0.006944,exact_3,0.106,DEF0000051446,INS0000891470,ORG,FD,ABP,MINOR,Y,20,73.29,218.0,391.7,0.8687
front_door_blue_000777,train,front_door,blue,SCR,0.4,0.804167,0.011706,exact_3,0.068,DEF0000169562,INS0001220541,SCR,FD,ABP,MINOR,N,15,332.64,721.4,651.6,0.9438
front_door_blue_000777,train,front_door,blue,PDR,0.427344,0.517361,0.002786,exact_3,0.1481,DEF0000080227,INS0002297132,PDR,FD,ABP,MINOR,N,25,267.78,610.1,772.0,0.861
front_door_blue_000777,train,front_door,blue,CRK,0.608203,0.709028,0.014869,exact_3,0.1564,DEF0000009583,INS0001335732,CRK,FD,ABP,CRITICAL,Y,90,261.92,1357.5,636.4,0.9517
front_door_bronze_000213,train,front_door,bronze,SCR,0.326562,0.232639,0.022845,exact_2,0.0453,DEF0000056855,INS0000926739,SCR,FD,C5G,MINOR,N,15,468.6,525.1,192.1,0.9783
front_door_bronze_000213,train,front_door,bronze,SCR,0.440234,0.686111,0.024023,exact_2,0.0211,DEF0000017637,INS0000405369,SCR,FD,TW3,MINOR,N,15,472.34,959.0,571.7,0.9721
front_door_bronze_000213,train,front_door,bronze,SCR,0.357422,0.079167,0.003978,exact_2,0.0385,DEF0000114986,INS0001709506,SCR,FD,B3L,MINOR,Y,15,84.04,600.8,53.4,0.8826
front_door_bronze_000238,train,front_door,bronze,DNT,0.102344,0.551389,0.009588,exact_2,0.0582,DEF0000020171,INS0001756524,DNT,FD,SSS,MAJOR,Y,45,245.21,160.0,482.7,0.8595
front_door_bronze_000262,train,front_door,bronze,SCR,0.400391,0.258333,0.007569,exact_2,0.0447,DEF0000148225,INS0001834298,SCR,FD,SWP,MINOR,N,15,195.79,803.4,217.9,0.8924
front_door_bronze_000262,train,front_door,bronze,DST,0.469141,0.540278,0.003418,exact_2,0.0419,DEF0000117105,INS0002907415,DST,FD,TW3,MINOR,N,10,249.21,992.5,477.5,0.9487
front_door_bronze_000262,train,front_door,bronze,PDR,0.707812,0.488889,0.003893,exact_2,0.0479,DEF0000040908,INS0000381536,PDR,FD,R4M,MINOR,N,25,405.22,1434.8,689.4,0.9794
front_door_bronze_000313,train,front_door,bronze,DST,0.288672,0.302083,0.003649,exact_2,0.0265,DEF0000113850,INS0002343852,DST,FD,P2W,MINOR,N,10,368.9,703.9,237.1,0.9212
front_door_bronze_000481,train,front_door,bronze,SCR,0.553516,0.252778,0.013596,exact_2,0.0306,DEF0000112321,INS0000744430,SCR,FD,B3L,MINOR,N,15,346.94,1165.6,234.4,0.8898
front_door_bronze_000509,train,front_door,bronze,SCR,0.807422,0.499306,0.008415,exact_2,0.0462,DEF0000152219,INS0000698225,SCR,FD,P2W,MINOR,N,15,246.25,1803.2,415.2,0.929
front_door_bronze_000571,train,front_door,bronze,DNT,0.253906,0.658333,0.016684,exact_2,0.0567,DEF0000141192,INS0000705191,DNT,FD,P2W,MAJOR,Y,45,486.21,512.7,547.7,0.9002
front_door_bronze_000571,train,front_door,bronze,DNT,0.15,0.826389,0.014102,exact_2,0.0376,DEF0000129759,INS0002826121,DNT,FD,C5G,MAJOR,Y,45,409.67,254.0,753.3,0.9397
front_door_bronze_000583,train,front_door,bronze,SCR,0.54375,0.453472,0.008986,exact_2,0.0445,DEF0000130560,INS0002186285,SCR,FD,N5M,MINOR,N,15,239.74,1168.8,367.4,0.9301
front_door_bronze_000700,train,front_door,bronze,SCR,0.114062,0.070833,0.002934,exact_2,0.0228,DEF0000166998,INS0000212740,SCR,FD,P2W,MINOR,N,15,29.25,141.6,78.3,0.987
front_door_bronze_000700,train,front_door,bronze,CRK,0.248828,0.179167,0.02041,exact_2,0.0928,DEF0000023259,INS0000738939,CRK,FD,ABP,CRITICAL,Y,90,332.14,175.9,76.9,0.9266
front_door_bronze_000762,train,front_door,bronze,PDR,0.71875,0.227083,0.002995,exact_2,0.082,DEF0000037778,INS0000278656,PDR,FD,N5M,MINOR,N,25,301.29,1539.7,241.9,0.9107
front_door_bronze_000762,train,front_door,bronze,PBB,0.363672,0.623611,0.00396,exact_2,0.0268,DEF0000159024,INS0002347390,PBB,FD,R4M,MINOR,N,30,163.29,709.5,548.0,0.8818
front_door_gray_000060,train,front_door,gray,PBB,0.125781,0.286111,0.005165,exact_3,0.1158,DEF0000145422,INS0000064557,PBB,FD,YW6,MINOR,N,30,388.19,294.7,173.2,0.9112
front_door_gray_000154,train,front_door,gray,DNT,0.732812,0.679167,0.008789,exact_3,0.0497,DEF0000159328,INS0002043266,DNT,FD,YW6,MAJOR,Y,45,234.96,1637.3,601.6,0.9417
front_door_gray_000507,train,front_door,gray,SCR,0.416016,0.26875,0.003569,exact_3,0.0999,DEF0000156899,INS0000526076,SCR,FD,YW6,MINOR,N,15,11.78,762.1,235.9,0.964
front_door_gray_000507,train,front_door,gray,DST,0.915234,0.748611,0.003587,exact_3,0.1863,DEF0000013274,INS0000758283,DST,FD,YW6,MINOR,N,10,267.84,1785.0,598.3,0.8685
front_door_gray_000596,train,front_door,gray,CRK,0.323828,0.778472,0.018245,exact_3,0.1912,DEF0000012086,INS0001851817,CRK,FD,YW6,CRITICAL,Y,90,359.42,756.8,721.6,0.9042
front_door_gray_000718,train,front_door,gray,DST,0.071094,0.895833,0.002227,exact_3,0.1409,DEF0000157153,INS0001637882,DST,FD,YW6,MINOR,Y,10,53.73,293.1,726.0,0.9894
front_door_gray_000734,train,front_door,gray,GAP,0.511719,0.441667,0.014219,exact_3,0.0941,DEF0000168349,INS0002082017,GAP,FD,YW6,CRITICAL,Y,60,57.24,1129.2,242.3,0.9435
front_door_gray_000751,train,front_door,gray,SCR,0.497266,0.067361,0.015198,exact_3,0.0562,DEF0000168642,INS0002900642,SCR,FD,YW6,MINOR,Y,15,376.01,984.9,80.4,0.8633
front_door_gray_000751,train,front_door,gray,DST,0.319141,0.688889,0.003969,exact_3,0.1043,DEF0000166817,INS0001415350,DST,FD,YW6,MINOR,Y,10,461.92,781.2,672.7,0.9701
front_door_green_000057,train,front_door,green,DNT,0.828906,0.780556,0.017226,exact_2,0.0449,DEF0000055923,INS0001788116,DNT,FD,P2W,MAJOR,Y,45,472.6,1842.1,741.9,0.8709
front_door_green_000143,train,front_door,green,DNT,0.382031,0.363889,0.010421,exact_2,0.04,DEF0000152714,INS0002701296,DNT,FD,B3L,MAJOR,Y,45,270.23,840.8,317.9,0.909
front_door_green_000143,train,front_door,green,DNT,0.575,0.626389,0.01615,exact_2,0.0403,DEF0000136737,INS0001351267,DNT,FD,B3L,MAJOR,Y,45,444.94,1198.8,493.3,0.8816
front_door_green_000256,train,front_door,green,PDR,0.635938,0.460417,0.004102,exact_2,0.0243,DEF0000075149,INS0002098507,PDR,FD,P2W,MINOR,Y,25,439.05,1277.0,640.2,0.9036
front_door_green_000337,train,front_door,green,PBB,0.514062,0.445139,0.006289,exact_2,0.0842,DEF0000079381,INS0001651513,PBB,FD,B3L,MINOR,Y,30,418.43,908.3,321.1,0.9399
front_door_green_000475,train,front_door,green,PBB,0.925,0.801389,0.005312,exact_2,0.055,DEF0000116230,INS0001814421,PBB,FD,N5M,MINOR,Y,30,339.19,1940.4,686.6,0.9645
front_door_green_000594,train,front_door,green,DNT,0.508594,0.240278,0.005017,exact_2,0.0395,DEF0000065536,INS0000640057,DNT,FD,B3L,MAJOR,Y,45,82.77,1055.6,159.8,0.9229
front_door_green_000626,train,front_door,green,PBB,0.175,0.614583,0.00651,exact_2,0.0527,DEF0000110630,INS0002244742,PBB,FD,P2W,MINOR,N,30,447.73,480.0,573.4,0.9217
front_door_green_000629,train,front_door,green,DNT,0.600781,0.281944,0.004727,exact_2,0.0194,DEF0000082548,INS0002521556,DNT,FD,TW3,MAJOR,Y,45,63.16,1296.8,219.8,0.8659
front_door_green_000681,train,front_door,green,DST,0.897266,0.279167,0.003084,exact_2,0.069,DEF0000169946,INS0001570079,DST,FD,YW6,MINOR,N,10,146.0,1900.7,213.9,0.8893
front_door_green_000681,train,front_door,green,ORG,0.917969,0.636111,0.015625,exact_2,0.0744,DEF0000021137,INS0001401964,ORG,FD,P2W,MINOR,N,20,377.96,1957.2,616.0,0.8657
front_door_green_000681,train,front_door,green,PBB,0.253125,0.407639,0.002832,exact_2,0.0047,DEF0000000381,INS0002373236,PBB,FD,P2W,MINOR,N,30,61.37,560.6,332.0,0.9289
front_door_green_000749,train,front_door,green,SCR,0.317578,0.549306,0.00657,exact_2,0.0231,DEF0000147749,INS0000588405,SCR,FD,N5M,MINOR,N,15,193.51,568.3,468.1,0.8843
front_door_green_000749,train,front_door,green,DNT,0.89375,0.801389,0.013129,exact_2,0.0357,DEF0000137807,INS0001318281,DNT,FD,B3L,MAJOR,Y,45,364.78,1981.4,755.6,0.9243
front_door_green_000749,train,front_door,green,SCR,0.867578,0.269444,0.020521,exact_2,0.031,DEF0000132271,INS0002087713,SCR,FD,WC9,MINOR,N,15,420.39,1861.9,238.7,0.922
front_door_navy_000055,train,front_door,navy,DNT,0.88125,0.761111,0.01,exact_2,0.0345,DEF0000063585,INS0001332817,DNT,FD,WC9,MAJOR,Y,45,257.29,1833.3,689.1,0.8715
front_door_navy_000102,train,front_door,navy,SCR,0.267188,0.39375,0.015671,exact_2,0.0419,DEF0000058007,INS0002294405,SCR,FD,U3G,MINOR,N,15,390.78,420.7,326.0,0.9269
front_door_navy_000102,train,front_door,navy,DST,0.706641,0.521528,0.003508,exact_2,0.0493,DEF0000129941,INS0000677389,DST,FD,TW3,MINOR,Y,10,281.62,1526.0,477.4,0.9667
front_door_navy_000120,train,front_door,navy,PBB,0.584375,0.184028,0.00166,exact_2,0.0446,DEF0000026321,INS0001280231,PBB,FD,W8Y,MINOR,Y,30,8.75,1240.0,68.4,0.9893
front_door_navy_000120,train,front_door,navy,ORG,0.695312,0.751389,0.017778,exact_2,0.0531,DEF0000061303,INS0000813380,ORG,FD,C5G,MINOR,N,20,464.08,1336.6,693.4,0.8875
front_door_navy_000120,train,front_door,navy,PDR,0.885938,0.281944,0.003802,exact_2,0.0606,DEF0000142349,INS0002054162,PDR,FD,R4M,MINOR,Y,25,419.36,1976.9,227.3,0.9644
front_door_navy_000149,train,front_door,navy,DNT,0.125,0.645833,0.006267,exact_2,0.0399,DEF0000010424,INS0000990212,DNT,FD,B3L,MAJOR,Y,45,97.43,228.3,538.1,0.9283
front_door_navy_000224,train,front_door,navy,DST,0.484766,0.848611,0.003835,exact_2,0.0548,DEF0000026110,INS0000736447,DST,FD,P2W,MINOR,N,10,386.66,1172.0,766.4,0.9599
front_door_navy_000224,train,front_door,navy,GAP,0.563281,0.516667,0.016194,exact_2,0.0911,DEF0000165537,INS0002867444,GAP,FD,U3G,CRITICAL,Y,60,289.29,1657.2,485.7,0.9124
front_door_navy_000246,train,front_door,navy,DNT,0.453125,0.286111,0.007296,exact_2,0.0405,DEF0000011961,INS0001564595,DNT,FD,B3L,MAJOR,Y,45,158.7,1047.4,192.2,0.8775
front_door_navy_000246,train,front_door,navy,PDR,0.11875,0.329861,0.004223,exact_2,0.0351,DEF0000123241,INS0002305552,PDR,FD,B3L,MINOR,N,25,459.32,141.4,383.8,0.9583
front_door_navy_000246,train,front_door,navy,CRK,0.783203,0.6125,0.015245,exact_2,0.0676,DEF0000049316,INS0000347641,CRK,FD,B3L,CRITICAL,Y,90,221.18,1548.0,506.9,0.9102
front_door_navy_000250,train,front_door,navy,DST,0.289453,0.692361,0.003905,exact_2,0.0811,DEF0000104778,INS0000029162,DST,FD,ABP,MINOR,Y,10,409.25,821.1,598.4,0.8583
front_door_navy_000448,train,front_door,navy,CRK,0.176563,0.204861,0.007129,exact_2,0.045,DEF0000008407,INS0002961377,CRK,FD,SWP,CRITICAL,Y,90,7.66,246.9,140.5,0.8562
front_door_navy_000510,train,front_door,navy,SCR,0.644141,0.180556,0.006539,exact_2,0.0318,DEF0000034137,INS0000071092,SCR,FD,SWP,MINOR,Y,15,187.78,1340.3,147.4,0.9209
front_door_navy_000544,train,front_door,navy,PDR,0.894531,0.494444,0.002196,exact_2,0.0267,DEF0000043457,INS0001004287,PDR,FD,B3L,MINOR,N,25,146.82,1975.8,685.0,0.9056
front_door_navy_000581,train,front_door,navy,PDR,0.585938,0.306944,0.002292,exact_2,0.0335,DEF0000085985,INS0002792645,PDR,FD,K3B,MINOR,Y,25,148.85,1201.5,298.3,0.9664
front_door_navy_000581,train,front_door,navy,PBB,0.523438,0.4625,0.006745,exact_2,0.1057,DEF0000165855,INS0000012776,PBB,FD,ABP,MINOR,Y,30,444.45,1089.4,419.8,0.9526
front_door_navy_000747,train,front_door,navy,GAP,0.665234,0.536111,0.015571,exact_2,0.0834,DEF0000005414,INS0002257069,GAP,FD,B3L,CRITICAL,Y,60,185.94,1862.2,540.5,0.878
front_door_pearl_white_000011,train,front_door,white,ORG,0.184375,0.694444,0.013611,exact_3,0.1147,DEF0000010027,INS0000935522,ORG,FD,P2W,MINOR,N,20,346.12,584.8,745.5,0.9333
front_door_pearl_white_000093,train,front_door,white,PDR,0.660156,0.295833,0.002005,exact_3,0.0511,DEF0000162230,INS0001677970,PDR,FD,P2W,MINOR,N,25,95.68,1403.1,307.4,0.9171
front_door_pearl_white_000107,train,front_door,white,PBB,0.178906,0.688194,0.004345,exact_3,0.0738,DEF0000058006,INS0001002759,PBB,FD,P2W,MINOR,Y,30,236.06,556.1,566.7,0.8708
front_door_pearl_white_000190,train,front_door,white,PBB,0.739844,0.127083,0.004898,exact_3,0.079,DEF0000041175,INS0001595351,PBB,FD,P2W,MINOR,N,30,324.08,1713.0,87.3,0.8733
front_door_pearl_white_000307,train,front_door,white,ORG,0.097656,0.747222,0.014601,exact_3,0.1301,DEF0000090780,INS0000592745,ORG,FD,P2W,MINOR,N,20,428.95,366.1,715.7,0.9227
front_door_pearl_white_000307,train,front_door,white,DNT,0.616406,0.672222,0.007656,exact_3,0.12,DEF0000011359,INS0001846672,DNT,FD,P2W,MAJOR,Y,45,162.28,1371.4,504.3,0.8562
front_door_pearl_white_000380,train,front_door,white,SCR,0.167578,0.579167,0.014503,exact_3,0.058,DEF0000068800,INS0001598902,SCR,FD,P2W,MINOR,N,15,346.33,139.5,483.6,0.9708
front_door_pearl_white_000380,train,front_door,white,DST,0.179688,0.328472,0.003939,exact_3,0.054,DEF0000096457,INS0002970506,DST,FD,P2W,MINOR,Y,10,412.48,505.2,287.3,0.9836
front_door_pearl_white_000384,train,front_door,white,GAP,0.471484,0.295833,0.032418,exact_3,0.1503,DEF0000114212,INS0002880337,GAP,FD,P2W,CRITICAL,Y,60,382.23,570.2,67.2,0.8502
front_door_pearl_white_000387,train,front_door,white,ORG,0.140625,0.444444,0.013129,exact_3,0.1022,DEF0000014941,INS0002581858,ORG,FD,P2W,MINOR,N,20,359.8,249.0,315.9,0.9719
front_door_pearl_white_000422,train,front_door,white,DNT,0.703906,0.169444,0.011289,exact_3,0.0733,DEF0000005066,INS0000761760,DNT,FD,P2W,MAJOR,Y,45,294.49,1573.6,117.0,0.8808
front_door_pearl_white_000453,train,front_door,white,CRK,0.663672,0.607639,0.009259,exact_3,0.0505,DEF0000152016,INS0001157548,CRK,FD,P2W,CRITICAL,Y,90,62.35,1488.7,515.4,0.9196
front_door_pearl_white_000453,train,front_door,white,DNT,0.392188,0.793056,0.008789,exact_3,0.039,DEF0000121526,INS0000302670,DNT,FD,P2W,MAJOR,Y,45,225.67,922.4,749.6,0.9412
front_door_pearl_white_000482,train,front_door,white,ORG,0.749219,0.438889,0.006601,exact_3,0.0728,DEF0000007989,INS0000586831,ORG,FD,P2W,MINOR,N,20,75.94,1417.9,339.9,0.9546
front_door_pearl_white_000482,train,front_door,white,SCR,0.213672,0.821528,0.003779,exact_3,0.1171,DEF0000148677,INS0001102693,SCR,FD,P2W,MINOR,N,15,5.47,349.4,691.5,0.9207
front_door_pearl_white_000657,train,front_door,white,GAP,0.636719,0.485417,0.015658,exact_3,0.0887,DEF0000130958,INS0000277468,GAP,FD,P2W,CRITICAL,Y,60,218.65,1835.2,411.6,0.8814
front_door_pearl_white_000657,train,front_door,white,ORG,0.365625,0.247222,0.014601,exact_3,0.0512,DEF0000169192,INS0001853411,ORG,FD,P2W,MINOR,N,20,390.19,898.4,205.3,0.8777
front_door_pearl_white_000662,train,front_door,white,GAP,0.440625,0.483333,0.012604,exact_3,0.0591,DEF0000055164,INS0000173709,GAP,FD,P2W,CRITICAL,Y,60,19.17,383.4,337.7,0.9899
front_door_pearl_white_000662,train,front_door,white,SCR,0.428125,0.454167,0.005078,exact_3,0.0729,DEF0000150779,INS0000105641,SCR,FD,P2W,MINOR,Y,15,144.25,887.9,349.0,0.9142
front_door_pearl_white_000672,train,front_door,white,DNT,0.876563,0.631944,0.015625,exact_3,0.0778,DEF0000112193,INS0001281831,DNT,FD,P2W,MAJOR,Y,45,461.47,1924.7,519.7,0.8577
front_door_red_000017,train,front_door,red,DNT,0.540625,0.726389,0.011736,exact_3,0.197,DEF0000150319,INS0000964923,DNT,FD,R4M,MAJOR,Y,45,369.42,1473.4,726.4,0.8836
front_door_red_000017,train,front_door,red,ORG,0.808594,0.266667,0.005317,exact_3,0.0772,DEF0000009515,INS0000921587,ORG,FD,R4M,MINOR,Y,20,35.46,1746.2,240.7,0.9274
front_door_red_000017,train,front_door,red,DNT,0.248438,0.276389,0.008025,exact_3,0.1574,DEF0000048519,INS0000871746,DNT,FD,R4M,MAJOR,Y,45,196.88,572.4,85.5,0.9879
front_door_red_000227,train,front_door,red,SCR,0.598828,0.210417,0.00402,exact_3,0.0496,DEF0000052162,INS0001613661,SCR,FD,R4M,MINOR,Y,15,99.98,1295.1,156.7,0.8979
front_door_red_000227,train,front_door,red,PDR,0.180469,0.395833,0.001389,exact_3,0.1327,DEF0000162366,INS0001601593,PDR,FD,R4M,MINOR,Y,25,35.24,515.6,403.3,0.9052
front_door_red_000268,train,front_door,red,PBB,0.678125,0.723611,0.006745,exact_3,0.1028,DEF0000153275,INS0001683286,PBB,FD,R4M,MINOR,N,30,474.53,1446.0,728.9,0.8676
front_door_red_000340,train,front_door,red,DNT,0.292969,0.144444,0.003906,exact_3,0.1692,DEF0000060783,INS0002545526,DNT,FD,R4M,MAJOR,Y,45,39.18,319.3,78.9,0.8896
front_door_red_000398,train,front_door,red,DST,0.828125,0.401389,0.004167,exact_3,0.1797,DEF0000016481,INS0002309558,DST,FD,R4M,MINOR,N,10,376.43,1907.2,383.7,0.9889
front_door_red_000398,train,front_door,red,SCR,0.330078,0.542361,0.007861,exact_3,0.0964,DEF0000047860,INS0001716427,SCR,FD,R4M,MINOR,N,15,222.84,411.9,479.6,0.9466
front_door_red_000455,train,front_door,red,PBB,0.832422,0.501389,0.004119,exact_3,0.1454,DEF0000121549,INS0001032036,PBB,FD,R4M,MINOR,N,30,244.69,1608.2,414.5,0.854
front_door_red_000455,train,front_door,red,DNT,0.517188,0.145833,0.012192,exact_3,0.1375,DEF0000078852,INS0001564659,DNT,FD,R4M,MAJOR,Y,45,346.38,1368.8,105.6,0.9372
front_door_red_000573,train,front_door,red,DNT,0.391406,0.345833,0.010851,exact_3,0.0721,DEF0000130521,INS0002839488,DNT,FD,R4M,MAJOR,Y,45,285.77,833.5,225.4,0.8516
front_door_red_000624,train,front_door,red,GAP,0.253906,0.511806,0.015432,exact_3,0.1828,DEF0000069243,INS0001687470,GAP,FD,R4M,CRITICAL,Y,60,118.95,296.1,521.0,0.8678
front_door_red_000736,train,front_door,red,SCR,0.866406,0.086111,0.028524,exact_3,0.1588,DEF0000136140,INS0000151945,SCR,FD,R4M,MINOR,N,15,495.93,1991.9,185.5,0.9319
front_door_red_000793,train,front_door,red,CRK,0.560156,0.647222,0.015191,exact_3,0.2854,DEF0000023570,INS0002901252,CRK,FD,R4M,CRITICAL,Y,90,278.5,881.4,393.5,0.8859
front_door_silver_000035,train,front_door,silver,DST,0.073438,0.273611,0.003646,exact_3,0.0934,DEF0000166304,INS0000812423,DST,FD,SWP,MINOR,N,10,394.58,210.6,195.5,0.9648
front_door_silver_000074,train,front_door,silver,PBB,0.915234,0.527083,0.005778,exact_3,0.1603,DEF0000122189,INS0000048266,PBB,FD,SWP,MINOR,N,30,349.21,1973.4,351.3,0.8819
front_door_silver_000158,train,front_door,silver,PBB,0.510156,0.377778,0.005608,exact_3,0.0621,DEF0000140985,INS0000310512,PBB,FD,SWP,MINOR,N,30,347.25,1000.8,297.8,0.9466
front_door_silver_000192,train,front_door,silver,DST,0.153516,0.404167,0.003581,exact_3,0.099,DEF0000075685,INS0000362993,DST,FD,SWP,MINOR,N,10,343.21,188.5,332.7,0.9742
front_door_silver_000351,train,front_door,silver,PBB,0.914844,0.59375,0.00395,exact_3,0.0748,DEF0000055406,INS0000747940,PBB,FD,SWP,MINOR,N,30,186.83,1828.4,505.3,0.9587
front_door_silver_000351,train,front_door,silver,SCR,0.515625,0.418056,0.018815,exact_3,0.0645,DEF0000013483,INS0000774288,SCR,FD,SWP,MINOR,N,15,378.57,1020.7,357.9,0.8511
front_door_silver_000432,train,front_door,silver,DST,0.513672,0.152083,0.003031,exact_3,0.0839,DEF0000089463,INS0002096829,DST,FD,SWP,MINOR,Y,10,179.62,1030.5,68.3,0.9836
front_door_silver_000474,train,front_door,silver,DST,0.689453,0.8875,0.002767,exact_3,0.1017,DEF0000061341,INS0002110537,DST,FD,SWP,MINOR,N,10,69.03,1477.8,740.6,0.897
front_door_silver_000474,train,front_door,silver,DST,0.114062,0.251389,0.00293,exact_3,0.0539,DEF0000139735,INS0002384325,DST,FD,SWP,MINOR,N,10,107.83,202.9,126.4,0.8835
front_door_silver_000474,train,front_door,silver,PBB,0.578906,0.5375,0.004687,exact_3,0.0884,DEF0000090833,INS0002454383,PBB,FD,SWP,MINOR,N,30,231.41,1310.3,429.6,0.9671
front_door_silver_000578,train,front_door,silver,SCR,0.158984,0.420139,0.0054,exact_3,0.0909,DEF0000075185,INS0001263073,SCR,FD,SWP,MINOR,Y,15,148.72,178.7,423.6,0.8878
front_door_silver_000578,train,front_door,silver,PBB,0.689844,0.789583,0.005091,exact_3,0.0897,DEF0000126504,INS0002690880,PBB,FD,SWP,MINOR,Y,30,367.81,1537.6,707.8,0.9359
front_door_silver_000646,train,front_door,silver,PDR,0.825781,0.311111,0.00237,exact_3,0.1571,DEF0000138414,INS0000877599,PDR,FD,SWP,MINOR,N,25,89.12,1889.8,348.2,0.8574
front_door_silver_000668,train,front_door,silver,PDR,0.820312,0.31875,0.004405,exact_3,0.1825,DEF0000097487,INS0000614699,PDR,FD,SWP,MINOR,Y,25,436.22,1479.0,376.5,0.9898
front_door_silver_000730,train,front_door,silver,ORG,0.546094,0.5125,0.018338,exact_3,0.1133,DEF0000010693,INS0001668979,ORG,FD,SWP,MINOR,Y,20,499.17,1059.7,546.1,0.8826
front_door_silver_000779,train,front_door,silver,SCR,0.446484,0.216667,0.013385,exact_3,0.0813,DEF0000052556,INS0000616315,SCR,FD,SWP,MINOR,Y,15,317.32,814.8,186.6,0.9026
front_door_silver_000779,train,front_door,silver,PBB,0.174219,0.480556,0.005417,exact_3,0.0669,DEF0000044628,INS0002834795,PBB,FD,SWP,MINOR,N,30,391.82,334.4,408.6,0.9492
front_door_silver_000779,train,front_door,silver,SCR,0.341406,0.809722,0.018281,exact_3,0.0864,DEF0000062556,INS0000882792,SCR,FD,SWP,MINOR,N,15,420.97,743.3,708.8,0.8507
front_door_silver_000791,train,front_door,silver,SCR,0.323047,0.445139,0.012354,exact_3,0.0799,DEF0000086316,INS0000752385,SCR,FD,SWP,MINOR,N,15,305.14,431.8,392.9,0.9157
front_door_silver_000791,train,front_door,silver,PDR,0.75625,0.590972,0.005111,exact_3,0.0442,DEF0000027885,INS0001593763,PDR,FD,SWP,MINOR,N,25,492.41,1620.2,783.8,0.9153
front_door_silver_000791,train,front_door,silver,DST,0.517188,0.292361,0.002758,exact_3,0.0662,DEF0000115249,INS0002750513,DST,FD,SWP,MINOR,N,10,62.12,1152.0,224.2,0.895
front_door_white_000323,train,front_door,white,DNT,0.835938,0.197222,0.005625,exact_3,0.0564,DEF0000058378,INS0000591900,DNT,FD,P2W,MAJOR,Y,45,93.37,1718.4,160.1,0.9122
front_door_white_000323,train,front_door,white,PBB,0.922656,0.252778,0.005608,exact_3,0.0574,DEF0000089984,INS0000001762,PBB,FD,P2W,MINOR,N,30,382.49,1843.9,162.7,0.9755
front_door_white_000361,train,front_door,white,DST,0.7625,0.381944,0.003364,exact_3,0.0891,DEF0000101428,INS0000392730,DST,FD,P2W,MINOR,N,10,249.83,1435.0,332.3,0.9425
front_door_white_000361,train,front_door,white,SCR,0.127344,0.25,0.021962,exact_3,0.0662,DEF0000147689,INS0000716615,SCR,FD,P2W,MINOR,N,15,470.21,172.1,183.9,0.9852
front_door_white_000373,train,front_door,white,SCR,0.18125,0.1875,0.022956,exact_3,0.0816,DEF0000147689,INS0000716615,SCR,FD,P2W,MINOR,N,15,470.21,172.1,183.9,0.9852
front_door_white_000373,train,front_door,white,CRK,0.642188,0.820833,0.01207,exact_3,0.2007,DEF0000084535,INS0001427225,CRK,FD,P2W,CRITICAL,Y,90,68.79,986.7,690.2,0.9113
front_door_white_000431,train,front_door,white,DST,0.823047,0.440278,0.003342,exact_3,0.079,DEF0000128082,INS0001798336,DST,FD,P2W,MINOR,N,10,212.62,1830.2,341.5,0.9072
front_door_white_000438,train,front_door,white,SCR,0.572656,0.65,0.02602,exact_3,0.0428,DEF0000098476,INS0000206455,SCR,FD,P2W,MINOR,N,15,471.5,1219.7,569.8,0.9417
front_door_white_000440,train,front_door,white,SCR,0.550781,0.620139,0.006999,exact_3,0.0322,DEF0000116292,INS0000834340,SCR,FD,P2W,MINOR,N,15,198.38,1107.4,534.5,0.8584
front_door_white_000450,train,front_door,white,SCR,0.741797,0.80625,0.003554,exact_3,0.0578,DEF0000016590,INS0002785411,SCR,FD,P2W,MINOR,N,15,65.52,1571.8,712.0,0.8527
front_door_white_000450,train,front_door,white,PDR,0.71875,0.290972,0.002676,exact_3,0.0824,DEF0000032861,INS0001380209,PDR,FD,P2W,MINOR,Y,25,202.02,1607.2,288.1,0.9186
front_door_white_000450,train,front_door,white,DST,0.45,0.279167,0.003581,exact_3,0.0819,DEF0000141888,INS0001853328,DST,FD,P2W,MINOR,Y,10,279.26,931.2,155.8,0.893
front_door_white_000528,train,front_door,white,SCR,0.404297,0.450694,0.005355,exact_3,0.0667,DEF0000150779,INS0000105641,SCR,FD,P2W,MINOR,Y,15,144.25,887.9,349.0,0.9142
front_door_white_000541,train,front_door,white,SCR,0.732422,0.570139,0.01374,exact_3,0.0408,DEF0000060620,INS0000727206,SCR,FD,P2W,MINOR,N,15,345.46,1587.2,506.1,0.856
front_door_white_000661,train,front_door,white,DST,0.355469,0.166667,0.004444,exact_3,0.0737,DEF0000164513,INS0002791757,DST,FD,P2W,MINOR,N,10,473.3,700.8,102.8,0.9028
front_door_white_000694,train,front_door,white,ORG,0.708594,0.829167,0.006601,exact_3,0.0701,DEF0000056488,INS0002482307,ORG,FD,P2W,MINOR,N,20,42.63,1456.8,732.8,0.8794
front_door_white_000694,train,front_door,white,DNT,0.652344,0.275,0.008403,exact_3,0.0985,DEF0000042751,INS0002641829,DNT,FD,P2W,MAJOR,Y,45,166.82,1481.5,229.7,0.9488
front_door_white_000712,train,front_door,white,SCR,0.748047,0.534028,0.013174,exact_3,0.0344,DEF0000127937,INS0002376499,SCR,FD,P2W,MINOR,N,15,312.28,1615.1,468.4,0.8996
front_door_white_000748,train,front_door,white,DNT,0.638281,0.543056,0.010851,exact_3,0.0848,DEF0000113044,INS0001365681,DNT,FD,P2W,MAJOR,Y,45,283.0,1303.8,485.6,0.9283
hood_black_000005,train,hood,black,SCR,0.637891,0.745139,0.005759,exact_3,0.0781,DEF0000118988,INS0002884870,SCR,HOOD,B3L,MINOR,N,15,172.33,1469.7,571.6,0.9311
hood_black_000568,train,hood,black,PDR,0.8,0.408333,0.003498,exact_3,0.085,DEF0000088951,INS0001325523,PDR,HOOD,B3L,MINOR,N,25,413.55,1717.4,478.0,0.8643
hood_black_000739,train,hood,black,SCR,0.363281,0.136111,0.011198,exact_3,0.0951,DEF0000015119,INS0000676777,SCR,HOOD,B3L,MINOR,N,15,303.83,545.8,54.2,0.8785
hood_black_000739,train,hood,black,PDR,0.485938,0.459722,0.002387,exact_3,0.1006,DEF0000149810,INS0001101072,PDR,HOOD,B3L,MINOR,Y,25,131.25,1036.3,580.1,0.9352
hood_black_000774,train,hood,black,GAP,0.606641,0.535417,0.015733,exact_3,0.1009,DEF0000133003,INS0001191915,GAP,HOOD,B3L,CRITICAL,Y,60,238.28,1682.5,506.5,0.8797
hood_black_000774,train,hood,black,GAP,0.477734,0.725,0.029707,exact_3,0.1956,DEF0000129623,INS0000872193,GAP,HOOD,B3L,CRITICAL,Y,60,346.73,853.3,718.1,0.965
hood_blue_000033,train,hood,blue,DNT,0.239063,0.223611,0.004444,exact_3,0.0727,DEF0000053607,INS0000972568,DNT,HOOD,ABP,MAJOR,Y,45,20.4,527.4,121.4,0.8969
hood_blue_000056,train,hood,blue,PBB,0.159375,0.488889,0.004583,exact_3,0.1308,DEF0000094141,INS0002385858,PBB,HOOD,ABP,MINOR,Y,30,292.96,564.3,362.1,0.9468
hood_blue_000216,train,hood,blue,PBB,0.654687,0.75625,0.004972,exact_3,0.0895,DEF0000006500,INS0002991122,PBB,HOOD,ABP,MINOR,N,30,345.05,1407.4,721.5,0.8563
hood_blue_000216,train,hood,blue,CRK,0.766797,0.722222,0.007702,exact_3,0.1439,DEF0000095794,INS0000847277,CRK,HOOD,ABP,CRITICAL,Y,90,68.72,1748.3,698.4,0.8545
hood_blue_000216,train,hood,blue,DNT,0.359375,0.5375,0.005625,exact_3,0.112,DEF0000123435,INS0001806059,DNT,HOOD,ABP,MAJOR,Y,45,62.22,782.0,496.7,0.9002
hood_blue_000667,train,hood,blue,SCR,0.663672,0.305556,0.021675,exact_3,0.0902,DEF0000158060,INS0001750955,SCR,HOOD,ABP,MINOR,N,15,397.69,1420.4,259.7,0.9654
hood_blue_000667,train,hood,blue,GAP,0.485156,0.416667,0.029792,exact_3,0.1395,DEF0000006341,INS0000024149,GAP,HOOD,ABP,CRITICAL,Y,60,428.77,424.0,154.6,0.9769
hood_blue_000667,train,hood,blue,SCR,0.40625,0.529861,0.025994,exact_3,0.0708,DEF0000160893,INS0000465439,SCR,HOOD,ABP,MINOR,N,15,456.85,855.6,491.3,0.9811
hood_bronze_000235,train,hood,bronze,PDR,0.464844,0.444444,0.003437,exact_2,0.0517,DEF0000131937,INS0002506000,PDR,HOOD,YW6,MINOR,N,25,332.35,943.5,590.1,0.8651
hood_bronze_000235,train,hood,bronze,DNT,0.302344,0.634722,0.016684,exact_2,0.0479,DEF0000078775,INS0001846781,DNT,HOOD,YW6,MAJOR,Y,45,461.64,594.7,509.0,0.8813
hood_bronze_000376,train,hood,bronze,DNT,0.828906,0.747222,0.005317,exact_2,0.0436,DEF0000014739,INS0001293079,DNT,HOOD,P2W,MAJOR,Y,45,85.51,1827.9,662.8,0.9525
hood_bronze_000376,train,hood,bronze,DNT,0.382031,0.470833,0.008025,exact_2,0.0392,DEF0000111420,INS0002337668,DNT,HOOD,ABP,MAJOR,Y,45,194.4,854.8,360.6,0.9569
hood_bronze_000497,train,hood,bronze,SCR,0.492578,0.802778,0.010391,exact_2,0.035,DEF0000022347,INS0002516380,SCR,HOOD,ABP,MINOR,Y,15,263.05,1043.0,657.0,0.9796
hood_bronze_000552,train,hood,bronze,SCR,0.414453,0.804167,0.010968,exact_2,0.0162,DEF0000029170,INS0002311471,SCR,HOOD,P2W,MINOR,N,15,286.93,814.6,670.3,0.8925
hood_bronze_000673,train,hood,bronze,PBB,0.244922,0.701389,0.004277,exact_2,0.0325,DEF0000122687,INS0000775807,PBB,HOOD,R4M,MINOR,N,30,197.93,512.1,643.3,0.9667
hood_bronze_000673,train,hood,bronze,ORG,0.914062,0.509722,0.017778,exact_2,0.0335,DEF0000044825,INS0000879160,ORG,HOOD,B3L,MINOR,N,20,471.7,1992.8,447.3,0.9673
hood_gray_000012,train,hood,gray,PDR,0.257031,0.447917,0.002767,exact_3,0.0923,DEF0000071024,INS0001464467,PDR,HOOD,YW6,MINOR,N,25,230.63,333.5,573.8,0.8693
hood_gray_000012,train,hood,gray,DST,0.286328,0.377083,0.00364,exact_3,0.0859,DEF0000084925,INS0001955328,DST,HOOD,YW6,MINOR,N,10,342.42,830.8,306.4,0.9416
hood_gray_000036,train,hood,gray,SCR,0.153125,0.3125,0.005135,exact_3,0.1174,DEF0000111004,INS0002181827,SCR,HOOD,YW6,MINOR,Y,15,68.7,164.1,273.1,0.9818
hood_gray_000153,train,hood,gray,GAP,0.492578,0.266667,0.03503,exact_3,0.2715,DEF0000155686,INS0002201246,GAP,HOOD,YW6,CRITICAL,Y,60,476.15,481.8,216.2,0.8984
hood_gray_000206,train,hood,gray,ORG,0.732031,0.490278,0.011736,exact_3,0.1418,DEF0000169750,INS0002074456,ORG,HOOD,YW6,MINOR,N,20,276.06,1774.0,411.8,0.8724
hood_gray_000206,train,hood,gray,DST,0.733594,0.536111,0.002483,exact_3,0.0925,DEF0000024889,INS0001856190,DST,HOOD,YW6,MINOR,N,10,73.53,1410.6,537.2,0.8927
hood_gray_000206,train,hood,gray,PBB,0.401953,0.774306,0.005598,exact_3,0.101,DEF0000158461,INS0002015915,PBB,HOOD,YW6,MINOR,Y,30,384.46,783.7,627.9,0.9458
hood_gray_000214,train,hood,gray,SCR,0.507031,0.592361,0.004894,exact_3,0.0712,DEF0000079857,INS0002185896,SCR,HOOD,YW6,MINOR,N,15,146.74,977.2,492.5,0.9459
hood_gray_000286,train,hood,gray,DNT,0.527344,0.781944,0.012192,exact_3,0.1695,DEF0000115747,INS0000069557,DNT,HOOD,YW6,MAJOR,Y,45,304.0,903.0,744.3,0.9178
hood_gray_000298,train,hood,gray,SCR,0.382422,0.4625,0.016257,exact_3,0.0649,DEF0000130811,INS0000427418,SCR,HOOD,YW6,MINOR,N,15,363.19,604.8,391.9,0.912
hood_gray_000339,train,hood,gray,PBB,0.133984,0.273611,0.005701,exact_3,0.0984,DEF0000011758,INS0000349731,PBB,HOOD,YW6,MINOR,N,30,385.47,209.9,231.8,0.8765
hood_gray_000339,train,hood,gray,DNT,0.404687,0.168056,0.015625,exact_3,0.186,DEF0000073914,INS0000426896,DNT,HOOD,YW6,MAJOR,Y,45,435.85,590.5,50.6,0.8853
hood_gray_000367,train,hood,gray,SCR,0.625,0.593056,0.004119,exact_3,0.1108,DEF0000162067,INS0000856527,SCR,HOOD,YW6,MINOR,N,15,105.45,1170.9,469.2,0.9313
hood_gray_000427,train,hood,gray,GAP,0.742188,0.519444,0.013373,exact_3,0.051,DEF0000003809,INS0002415750,GAP,HOOD,YW6,CRITICAL,Y,60,68.17,1963.0,499.1,0.9257
hood_gray_000427,train,hood,gray,ORG,0.601562,0.859722,0.010421,exact_3,0.0648,DEF0000013714,INS0000708524,ORG,HOOD,YW6,MINOR,Y,20,255.47,1218.2,773.9,0.9768
hood_gray_000427,train,hood,gray,SCR,0.89375,0.700694,0.013809,exact_3,0.0936,DEF0000081467,INS0002281578,SCR,HOOD,YW6,MINOR,N,15,309.78,1869.6,623.8,0.9417
hood_gray_000562,train,hood,gray,SCR,0.416406,0.553472,0.01168,exact_3,0.0695,DEF0000144755,INS0002877838,SCR,HOOD,YW6,MINOR,N,15,278.23,945.0,470.5,0.9556
hood_gray_000577,train,hood,gray,SCR,0.862109,0.775694,0.005759,exact_3,0.0972,DEF0000140954,INS0001935745,SCR,HOOD,YW6,MINOR,N,15,184.87,1989.8,604.0,0.8836
hood_gray_000577,train,hood,gray,DNT,0.628906,0.340278,0.014102,exact_3,0.1087,DEF0000160810,INS0001776801,DNT,HOOD,YW6,MAJOR,Y,45,420.59,1434.2,325.9,0.8585
hood_gray_000577,train,hood,gray,DNT,0.358594,0.672222,0.006944,exact_3,0.0366,DEF0000096827,INS0002986307,DNT,HOOD,YW6,MAJOR,Y,45,158.85,671.7,579.7,0.9139
hood_gray_000633,train,hood,gray,PBB,0.798438,0.798611,0.003021,exact_3,0.1513,DEF0000002804,INS0000097781,PBB,HOOD,YW6,MINOR,N,30,34.16,1856.0,646.1,0.8992
hood_gray_000658,train,hood,gray,PBB,0.170313,0.892361,0.002767,exact_3,0.1672,DEF0000138997,INS0002171629,PBB,HOOD,YW6,MINOR,N,30,74.28,379.7,675.5,0.9532
hood_green_000002,train,hood,green,DNT,0.54375,0.784722,0.011736,exact_2,0.0372,DEF0000167946,INS0002687994,DNT,HOOD,ABP,MAJOR,Y,45,333.57,1255.0,753.1,0.9536
hood_green_000097,train,hood,green,GAP,0.512891,0.540278,0.013826,exact_2,0.0788,DEF0000034913,INS0001897193,GAP,HOOD,TW3,CRITICAL,Y,60,88.29,1233.7,601.1,0.9754
hood_green_000103,train,hood,green,PBB,0.151562,0.849306,0.003292,exact_2,0.0586,DEF0000099361,INS0002828192,PBB,HOOD,B3L,MINOR,N,30,95.72,441.9,755.5,0.9179
hood_green_000103,train,hood,green,CRK,0.629297,0.485417,0.0104,exact_2,0.1038,DEF0000006918,INS0002573683,CRK,HOOD,YW6,CRITICAL,Y,90,143.02,1103.8,332.8,0.867
hood_green_000179,train,hood,green,ORG,0.092188,0.252778,0.006601,exact_2,0.0677,DEF0000082711,INS0000882871,ORG,HOOD,SSS,MINOR,N,20,88.86,257.4,172.3,0.9194
hood_green_000200,train,hood,green,DNT,0.517969,0.233333,0.006601,exact_2,0.04,DEF0000074159,INS0002340332,DNT,HOOD,P2W,MAJOR,Y,45,143.17,1136.6,191.6,0.9198
hood_green_000200,train,hood,green,GAP,0.711328,0.5,0.012587,exact_2,0.0506,DEF0000149544,INS0000510309,GAP,HOOD,P2W,CRITICAL,Y,60,43.29,1864.9,445.5,0.9641
hood_green_000200,train,hood,green,PBB,0.146484,0.207639,0.005307,exact_2,0.0402,DEF0000087508,INS0000465154,PBB,HOOD,SWP,MINOR,Y,30,357.14,377.6,127.2,0.9363
hood_green_000284,train,hood,green,SCR,0.659375,0.340972,0.007474,exact_2,0.0356,DEF0000149258,INS0001158235,SCR,HOOD,P2W,MINOR,N,15,217.53,1509.6,314.5,0.9417
hood_green_000441,train,hood,green,CRK,0.565625,0.372222,0.016589,exact_2,0.0758,DEF0000148749,INS0001939961,CRK,HOOD,SWP,CRITICAL,Y,90,303.67,1168.8,280.0,0.9597
hood_green_000472,train,hood,green,SCR,0.341797,0.277778,0.015336,exact_2,0.0309,DEF0000044739,INS0001015427,SCR,HOOD,B3L,MINOR,N,15,353.74,584.6,224.9,0.9684
hood_green_000506,train,hood,green,PDR,0.319531,0.245139,0.004134,exact_2,0.091,DEF0000103273,INS0000174166,PDR,HOOD,SWP,MINOR,N,25,426.16,514.8,266.7,0.9464
hood_green_000604,train,hood,green,DST,0.214453,0.336806,0.003031,exact_2,0.0488,DEF0000024439,INS0000686547,DST,HOOD,WC9,MINOR,Y,10,144.9,454.1,237.9,0.8547
hood_green_000604,train,hood,green,DST,0.313281,0.641667,0.003164,exact_2,0.0332,DEF0000066717,INS0001445642,DST,HOOD,B3L,MINOR,N,10,201.55,766.3,603.0,0.8636
hood_green_000604,train,hood,green,PBB,0.854688,0.375,0.001897,exact_2,0.0309,DEF0000006013,INS0001026769,PBB,HOOD,N5M,MINOR,N,30,25.69,1758.0,297.3,0.8669
hood_green_000635,train,hood,green,SCR,0.816016,0.710417,0.007347,exact_2,0.0113,DEF0000121966,INS0001877360,SCR,HOOD,N5M,MINOR,Y,15,214.13,1744.8,592.8,0.9707
hood_green_000635,train,hood,green,DST,0.713281,0.582639,0.004102,exact_2,0.0556,DEF0000061153,INS0000847314,DST,HOOD,B3L,MINOR,Y,10,459.86,1525.0,505.7,0.9363
hood_green_000785,train,hood,green,SCR,0.883203,0.83125,0.009411,exact_2,0.02,DEF0000075880,INS0001718241,SCR,HOOD,SSS,MINOR,Y,15,255.19,1959.1,707.7,0.8592
hood_green_000790,train,hood,green,DNT,0.38125,0.648611,0.013129,exact_2,0.0382,DEF0000001931,INS0001101303,DNT,HOOD,B3L,MAJOR,Y,45,375.09,732.7,558.3,0.8532
hood_green_000800,train,hood,green,PBB,0.605859,0.106944,0.005371,exact_2,0.0265,DEF0000139916,INS0000444959,PBB,HOOD,B3L,MINOR,Y,30,352.2,1325.9,71.0,0.9737
hood_navy_000086,train,hood,navy,DNT,0.080469,0.656944,0.013611,exact_2,0.0505,DEF0000096951,INS0000819651,DNT,HOOD,TW3,MAJOR,Y,45,394.38,191.9,561.9,0.8559
hood_navy_000241,train,hood,navy,SCR,0.637109,0.154167,0.003993,exact_2,0.0598,DEF0000096275,INS0001116191,SCR,HOOD,SWP,MINOR,N,15,82.63,1472.6,102.4,0.8872
hood_navy_000244,train,hood,navy,DNT,0.390625,0.261111,0.005017,exact_2,0.0612,DEF0000165248,INS0000497959,DNT,HOOD,B3L,MAJOR,Y,45,66.18,729.6,169.1,0.9153
hood_navy_000347,train,hood,navy,GAP,0.344141,0.49375,0.015001,exact_2,0.0651,DEF0000131088,INS0000994883,GAP,HOOD,W8Y,CRITICAL,Y,60,193.88,336.4,375.8,0.873
hood_pearl_white_000066,train,hood,white,DNT,0.194531,0.797222,0.010421,exact_3,0.0622,DEF0000123780,INS0000619118,DNT,HOOD,P2W,MAJOR,Y,45,262.99,394.5,772.1,0.8971
hood_pearl_white_000066,train,hood,white,SCR,0.391797,0.59375,0.013419,exact_3,0.0942,DEF0000129579,INS0001321290,SCR,HOOD,P2W,MINOR,Y,15,367.69,671.1,547.9,0.8962
hood_pearl_white_000066,train,hood,white,DNT,0.128906,0.572222,0.009588,exact_3,0.0875,DEF0000163421,INS0002759624,DNT,HOOD,P2W,MAJOR,Y,45,218.46,116.2,465.3,0.9737
hood_pearl_white_000233,train,hood,white,DNT,0.254688,0.534722,0.016684,exact_3,0.0387,DEF0000088253,INS0002374003,DNT,HOOD,P2W,MAJOR,Y,45,475.56,552.7,440.6,0.971
hood_pearl_white_000341,train,hood,white,GAP,0.573828,0.540972,0.016084,exact_3,0.0484,DEF0000074420,INS0002628605,GAP,HOOD,P2W,CRITICAL,Y,60,231.43,1584.4,579.7,0.9263
hood_pearl_white_000375,train,hood,white,GAP,0.476562,0.509722,0.028021,exact_3,0.0943,DEF0000100256,INS0000568358,GAP,HOOD,P2W,CRITICAL,Y,60,381.07,551.5,431.1,0.8635
hood_pearl_white_000415,train,hood,white,SCR,0.56875,0.105556,0.002734,exact_3,0.0422,DEF0000163549,INS0001550609,SCR,HOOD,P2W,MINOR,N,15,30.94,1199.9,113.8,0.8674
hood_pearl_white_000415,train,hood,white,DST,0.861328,0.860417,0.001967,exact_3,0.0755,DEF0000004204,INS0001386509,DST,HOOD,P2W,MINOR,Y,10,34.15,1713.1,764.2,0.893
hood_pearl_white_000557,train,hood,white,SCR,0.310547,0.76875,0.0196,exact_3,0.0355,DEF0000062021,INS0001521044,SCR,HOOD,P2W,MINOR,N,15,407.07,578.1,641.7,0.8531
hood_pearl_white_000628,train,hood,white,GAP,0.734766,0.489583,0.015967,exact_3,0.0662,DEF0000065821,INS0002484752,GAP,HOOD,P2W,CRITICAL,Y,60,249.5,1935.8,445.7,0.9448
hood_pearl_white_000665,train,hood,white,SCR,0.167578,0.759028,0.004767,exact_3,0.1005,DEF0000000148,INS0001439435,SCR,HOOD,P2W,MINOR,Y,15,83.2,117.9,653.5,0.9118
hood_pearl_white_000732,train,hood,white,DST,0.701172,0.890972,0.003393,exact_3,0.1211,DEF0000109041,INS0002553206,DST,HOOD,P2W,MINOR,N,10,198.29,1457.8,735.5,0.9114
hood_pearl_white_000732,train,hood,white,PDR,0.467187,0.222917,0.003483,exact_3,0.0892,DEF0000085997,INS0001425274,PDR,HOOD,P2W,MINOR,N,25,405.08,909.1,168.3,0.9091
hood_red_000114,train,hood,red,CRK,0.258984,0.581944,0.028088,exact_3,0.1723,DEF0000083159,INS0001553790,CRK,HOOD,R4M,CRITICAL,Y,90,460.73,498.4,612.1,0.9252
hood_red_000114,train,hood,red,DNT,0.628125,0.320833,0.005942,exact_3,0.1275,DEF0000109230,INS0000243920,DNT,HOOD,R4M,MAJOR,Y,45,161.05,1243.1,227.0,0.9365
hood_red_000117,train,hood,red,ORG,0.267969,0.504167,0.01,exact_3,0.163,DEF0000019495,INS0000306838,ORG,HOOD,R4M,MINOR,N,20,262.53,418.4,353.9,0.9247
hood_red_000117,train,hood,red,PBB,0.3875,0.522917,0.003216,exact_3,0.0435,DEF0000115472,INS0000326648,PBB,HOOD,R4M,MINOR,Y,30,66.75,764.4,409.7,0.9564
hood_red_000255,train,hood,red,DNT,0.332813,0.465278,0.006267,exact_3,0.0707,DEF0000019023,INS0001068520,DNT,HOOD,R4M,MAJOR,Y,45,93.07,778.0,404.1,0.9136
hood_red_000255,train,hood,red,PBB,0.578125,0.534028,0.00436,exact_3,0.1707,DEF0000155539,INS0000005196,PBB,HOOD,R4M,MINOR,Y,30,200.41,1531.2,410.2,0.9311
hood_red_000364,train,hood,red,PDR,0.30625,0.388194,0.001545,exact_3,0.2249,DEF0000165944,INS0000117649,PDR,HOOD,R4M,MINOR,N,25,64.89,939.2,508.0,0.9658
hood_red_000364,train,hood,red,GAP,0.523047,0.625,0.031871,exact_3,0.1514,DEF0000168800,INS0001894144,GAP,HOOD,R4M,CRITICAL,Y,60,469.28,1140.1,766.4,0.9502
hood_red_000419,train,hood,red,SCR,0.847266,0.721528,0.018044,exact_3,0.1519,DEF0000039131,INS0001473556,SCR,HOOD,R4M,MINOR,Y,15,413.2,1691.9,698.7,0.9021
hood_red_000632,train,hood,red,SCR,0.912109,0.95625,0.015381,exact_3,0.1721,DEF0000028072,INS0002122355,SCR,HOOD,R4M,MINOR,Y,15,310.02,1981.9,704.1,0.9433
hood_red_000699,train,hood,red,GAP,0.528906,0.265278,0.03342,exact_3,0.1471,DEF0000012009,INS0000202900,GAP,HOOD,R4M,CRITICAL,Y,60,478.1,1560.9,172.4,0.9875
hood_red_000699,train,hood,red,ORG,0.721094,0.554167,0.012192,exact_3,0.2095,DEF0000147687,INS0000055994,ORG,HOOD,R4M,MINOR,N,20,344.16,1390.8,668.5,0.966
hood_silver_000237,train,hood,silver,PDR,0.450781,0.420139,0.002962,exact_3,0.1646,DEF0000062330,INS0002928947,PDR,HOOD,SWP,MINOR,N,25,267.14,820.5,643.1,0.9396
hood_silver_000270,train,hood,silver,PDR,0.226562,0.505556,0.003103,exact_3,0.074,DEF0000010613,INS0000110345,PDR,HOOD,SWP,MINOR,Y,25,315.67,294.3,727.0,0.9691
hood_silver_000306,train,hood,silver,PBB,0.123828,0.550694,0.003499,exact_3,0.0863,DEF0000057835,INS0001453172,PBB,HOOD,SWP,MINOR,N,30,83.07,210.6,504.1,0.8907
hood_silver_000414,train,hood,silver,GAP,0.490625,0.695139,0.032813,exact_3,0.1142,DEF0000087480,INS0000782278,GAP,HOOD,SWP,CRITICAL,Y,60,412.77,805.7,768.1,0.8565
hood_silver_000613,train,hood,silver,DNT,0.620313,0.325,0.014102,exact_3,0.0544,DEF0000105686,INS0000148849,DNT,HOOD,SWP,MAJOR,Y,45,407.66,1261.0,226.8,0.9279
hood_silver_000630,train,hood,silver,ORG,0.803906,0.275,0.015625,exact_3,0.1115,DEF0000072856,INS0002303497,ORG,HOOD,SWP,MINOR,N,20,368.37,1760.7,204.3,0.8868
hood_white_000231,train,hood,white,DNT,0.53125,0.298611,0.008789,exact_3,0.0806,DEF0000153541,INS0001485906,DNT,HOOD,P2W,MAJOR,Y,45,243.16,1090.2,257.5,0.9078
hood_white_000354,train,hood,white,SCR,0.242969,0.682639,0.023014,exact_3,0.064,DEF0000014192,INS0001326787,SCR,HOOD,P2W,MINOR,N,15,449.53,401.4,613.7,0.8809
hood_white_000355,train,hood,white,PBB,0.378906,0.209028,0.007194,exact_3,0.0985,DEF0000061818,INS0001522596,PBB,HOOD,P2W,MINOR,N,30,483.05,590.9,74.7,0.8847
hood_white_000447,train,hood,white,ORG,0.275781,0.720833,0.009588,exact_3,0.123,DEF0000068199,INS0000109299,ORG,HOOD,P2W,MINOR,Y,20,156.02,499.2,702.4,0.9297
hood_white_000483,train,hood,white,SCR,0.90625,0.847222,0.020833,exact_3,0.0694,DEF0000031425,INS0001074332,SCR,HOOD,P2W,MINOR,N,15,407.2,1903.9,700.3,0.9876
hood_white_000483,train,hood,white,PBB,0.159766,0.580556,0.007031,exact_3,0.1063,DEF0000139204,INS0000042125,PBB,HOOD,P2W,MINOR,Y,30,484.23,285.1,564.3,0.883
hood_white_000503,train,hood,white,DNT,0.746875,0.644444,0.012192,exact_3,0.0719,DEF0000115370,INS0001161854,DNT,HOOD,P2W,MAJOR,Y,45,314.21,1634.5,566.9,0.9527
hood_white_000524,train,hood,white,ORG,0.775781,0.177778,0.012192,exact_3,0.1255,DEF0000009518,INS0002823381,ORG,HOOD,P2W,MINOR,Y,20,296.79,1385.5,143.4,0.8529
hood_white_000702,train,hood,white,DNT,0.778906,0.201389,0.005625,exact_3,0.0253,DEF0000046715,INS0000504641,DNT,HOOD,P2W,MAJOR,Y,45,103.6,1682.5,150.9,0.9117
hood_white_000702,train,hood,white,SCR,0.430859,0.145833,0.011122,exact_3,0.0139,DEF0000082979,INS0000175200,SCR,HOOD,P2W,MINOR,Y,15,294.27,923.8,109.5,0.9852
hood_white_000702,train,hood,white,DST,0.83125,0.411111,0.003516,exact_3,0.121,DEF0000024178,INS0002919243,DST,HOOD,P2W,MINOR,N,10,340.93,1881.7,336.1,0.9379
hood_white_000778,train,hood,white,ORG,0.417969,0.163889,0.008025,exact_3,0.1566,DEF0000094031,INS0002890276,ORG,HOOD,P2W,MINOR,Y,20,158.33,668.3,89.1,0.9254
rear_door_black_000037,train,rear_door,black,DST,0.095703,0.654167,0.004097,exact_3,0.0598,DEF0000161992,INS0002105284,DST,RD,B3L,MINOR,N,10,404.46,196.7,621.7,0.9155
rear_door_black_000037,train,rear_door,black,ORG,0.917188,0.779167,0.008025,exact_3,0.1181,DEF0000111108,INS0000797484,ORG,RD,B3L,MINOR,Y,20,176.55,1763.7,743.0,0.967
rear_door_black_000174,train,rear_door,black,SCR,0.4125,0.879167,0.002986,exact_3,0.0425,DEF0000043597,INS0002201100,SCR,RD,B3L,MINOR,N,15,35.57,759.6,732.7,0.8589
rear_door_black_000197,train,rear_door,black,DST,0.142969,0.495139,0.00334,exact_3,0.0998,DEF0000061986,INS0002823013,DST,RD,B3L,MINOR,N,10,233.22,476.3,459.3,0.9723
rear_door_black_000303,train,rear_door,black,DNT,0.7,0.626389,0.011289,exact_3,0.076,DEF0000082783,INS0002038606,DNT,RD,B3L,MAJOR,Y,45,287.93,1546.0,541.1,0.9682
rear_door_black_000322,train,rear_door,black,CRK,0.325,0.734722,0.0148,exact_3,0.0903,DEF0000095680,INS0002646752,CRK,RD,B3L,CRITICAL,Y,90,230.59,437.0,622.9,0.8635
rear_door_black_000417,train,rear_door,black,PBB,0.574219,0.374306,0.004119,exact_3,0.0756,DEF0000051048,INS0001361081,PBB,RD,B3L,MINOR,Y,30,166.16,1218.3,248.6,0.9263
rear_door_black_000449,train,rear_door,black,SCR,0.517969,0.340972,0.007387,exact_3,0.0379,DEF0000114450,INS0002233956,SCR,RD,B3L,MINOR,N,15,202.68,1031.1,292.5,0.9873
rear_door_black_000449,train,rear_door,black,PBB,0.108594,0.235417,0.005859,exact_3,0.0758,DEF0000157660,INS0002302400,PBB,RD,B3L,MINOR,N,30,378.84,114.9,111.4,0.9783
rear_door_black_000449,train,rear_door,black,SCR,0.547266,0.951389,0.012684,exact_3,0.1084,DEF0000031288,INS0001613202,SCR,RD,B3L,MINOR,N,15,307.44,1213.4,722.8,0.9432
rear_door_black_000459,train,rear_door,black,CRK,0.791016,0.878472,0.028189,exact_3,0.1009,DEF0000050138,INS0002670112,CRK,RD,B3L,CRITICAL,Y,90,422.84,1644.9,797.5,0.9217
rear_door_black_000502,train,rear_door,black,ORG,0.502344,0.361111,0.006944,exact_3,0.0787,DEF0000154132,INS0002129173,ORG,RD,B3L,MINOR,N,20,67.64,1146.1,236.4,0.9826
rear_door_black_000558,train,rear_door,black,GAP,0.526953,0.60625,0.029432,exact_3,0.1324,DEF0000157900,INS0001548328,GAP,RD,B3L,CRITICAL,Y,60,324.85,1553.1,715.0,0.9563
rear_door_black_000558,train,rear_door,black,DNT,0.11875,0.769444,0.006944,exact_3,0.0611,DEF0000089820,INS0002893815,DNT,RD,B3L,MAJOR,Y,45,141.68,116.1,734.2,0.8913
rear_door_black_000621,train,rear_door,black,SCR,0.130078,0.400694,0.013005,exact_3,0.0814,DEF0000148345,INS0000939366,SCR,RD,B3L,MINOR,N,15,287.16,151.3,330.0,0.9079
rear_door_black_000644,train,rear_door,black,CRK,0.362109,0.408333,0.007943,exact_3,0.0993,DEF0000039253,INS0000608957,CRK,RD,B3L,CRITICAL,Y,90,94.54,698.6,328.4,0.95
rear_door_black_000654,train,rear_door,black,SCR,0.749219,0.485417,0.025929,exact_3,0.0297,DEF0000033176,INS0002392901,SCR,RD,B3L,MINOR,Y,15,494.22,1625.0,419.8,0.9374
rear_door_black_000654,train,rear_door,black,SCR,0.409375,0.539583,0.02347,exact_3,0.0384,DEF0000100377,INS0001091035,SCR,RD,B3L,MINOR,N,15,479.22,807.9,474.8,0.8599
rear_door_black_000722,train,rear_door,black,PDR,0.813281,0.427778,0.004557,exact_3,0.1175,DEF0000005690,INS0000291779,PDR,RD,B3L,MINOR,N,25,457.0,1637.1,496.2,0.935
rear_door_blue_000031,train,rear_door,blue,SCR,0.098828,0.755556,0.004021,exact_3,0.1223,DEF0000032539,INS0002881310,SCR,RD,ABP,MINOR,Y,15,132.45,160.4,584.6,0.8638
rear_door_blue_000031,train,rear_door,blue,ORG,0.304688,0.255556,0.014102,exact_3,0.0675,DEF0000001370,INS0002409777,ORG,RD,ABP,MINOR,N,20,368.98,653.1,158.6,0.8513
rear_door_blue_000139,train,rear_door,blue,PBB,0.822656,0.223611,0.003255,exact_3,0.1642,DEF0000164913,INS0001553826,PBB,RD,ABP,MINOR,N,30,129.18,1963.3,79.3,0.87
rear_door_blue_000139,train,rear_door,blue,SCR,0.803516,0.25,0.014501,exact_3,0.1123,DEF0000164688,INS0002534319,SCR,RD,ABP,MINOR,N,15,299.26,1786.9,225.5,0.8783
rear_door_blue_000139,train,rear_door,blue,CRK,0.357422,0.729167,0.023872,exact_3,0.1943,DEF0000142990,INS0000948611,CRK,RD,ABP,CRITICAL,Y,90,352.93,448.7,572.0,0.8988
rear_door_blue_000243,train,rear_door,blue,PDR,0.8125,0.194444,0.001979,exact_3,0.1917,DEF0000170215,INS0000060404,PDR,RD,ABP,MINOR,N,25,123.95,1614.2,239.5,0.9517
rear_door_blue_000243,train,rear_door,blue,PBB,0.675,0.322917,0.004922,exact_3,0.0683,DEF0000126964,INS0002919746,PBB,RD,ABP,MINOR,N,30,337.34,1497.0,256.6,0.9362
rear_door_blue_000254,train,rear_door,blue,DNT,0.755469,0.731944,0.014102,exact_3,0.0766,DEF0000064403,INS0001267862,DNT,RD,ABP,MAJOR,Y,45,428.74,1583.7,667.0,0.861
rear_door_blue_000254,train,rear_door,blue,PDR,0.833594,0.425,0.001632,exact_3,0.1024,DEF0000153900,INS0002653706,PDR,RD,ABP,MINOR,N,25,40.75,1648.8,543.8,0.9815
rear_door_blue_000494,train,rear_door,blue,SCR,0.219141,0.477083,0.01766,exact_3,0.0891,DEF0000032633,INS0000063887,SCR,RD,ABP,MINOR,N,15,416.76,403.4,369.4,0.9379
rear_door_blue_000494,train,rear_door,blue,SCR,0.564063,0.897917,0.015877,exact_3,0.1149,DEF0000166052,INS0001562703,SCR,RD,ABP,MINOR,N,15,346.32,1111.7,697.5,0.8988
rear_door_blue_000570,train,rear_door,blue,GAP,0.514453,0.486111,0.032418,exact_3,0.095,DEF0000136436,INS0000337439,GAP,RD,ABP,CRITICAL,Y,60,489.1,1298.5,378.2,0.9282
rear_door_blue_000755,train,rear_door,blue,PBB,0.569141,0.291667,0.00416,exact_3,0.1745,DEF0000028179,INS0000785661,PBB,RD,ABP,MINOR,N,30,229.49,937.5,170.1,0.8979
rear_door_blue_000755,train,rear_door,blue,GAP,0.532422,0.379861,0.031846,exact_3,0.0434,DEF0000148943,INS0002616751,GAP,RD,ABP,CRITICAL,Y,60,423.4,1456.8,175.2,0.8742
rear_door_bronze_000069,train,rear_door,bronze,SCR,0.773047,0.51875,0.024498,exact_2,0.0481,DEF0000163936,INS0002687936,SCR,RD,SWP,MINOR,N,15,470.77,1575.8,462.4,0.8998
rear_door_bronze_000069,train,rear_door,bronze,GAP,0.501172,0.60625,0.026379,exact_2,0.0698,DEF0000161149,INS0001846542,GAP,RD,P2W,CRITICAL,Y,60,302.26,948.8,742.4,0.9584
rear_door_bronze_000081,train,rear_door,bronze,DNT,0.114844,0.356944,0.014102,exact_2,0.0278,DEF0000137308,INS0002929891,DNT,RD,B3L,MAJOR,Y,45,380.03,189.3,286.5,0.9359
rear_door_bronze_000081,train,rear_door,bronze,CRK,0.526563,0.563889,0.015972,exact_2,0.0481,DEF0000104124,INS0001122249,CRK,RD,ABP,CRITICAL,Y,90,294.27,965.5,449.5,0.8953
rear_door_bronze_000283,train,rear_door,bronze,DNT,0.242969,0.358333,0.006267,exact_2,0.0505,DEF0000079025,INS0001482334,DNT,RD,P2W,MAJOR,Y,45,132.81,504.5,265.4,0.8919
rear_door_bronze_000358,train,rear_door,bronze,DST,0.669922,0.781944,0.003581,exact_2,0.0471,DEF0000123118,INS0001642955,DST,RD,ABP,MINOR,Y,10,315.28,1352.3,676.5,0.9787
rear_door_bronze_000358,train,rear_door,bronze,SCR,0.594141,0.263194,0.019873,exact_2,0.065,DEF0000063858,INS0002233661,SCR,RD,P2W,MINOR,N,15,420.63,1140.2,213.5,0.9288
rear_door_bronze_000426,train,rear_door,bronze,SCR,0.191016,0.895139,0.0154,exact_2,0.0353,DEF0000045566,INS0000448530,SCR,RD,B3L,MINOR,Y,15,355.74,319.2,773.5,0.9573
rear_door_bronze_000426,train,rear_door,bronze,GAP,0.479297,0.273611,0.033147,exact_2,0.0339,DEF0000114042,INS0000904464,GAP,RD,V5P,CRITICAL,Y,60,482.72,624.8,58.5,0.8923
rear_door_bronze_000516,train,rear_door,bronze,PDR,0.879687,0.190972,0.001302,exact_2,0.0835,DEF0000074507,INS0002317479,PDR,RD,B3L,MINOR,Y,25,5.81,1798.9,130.5,0.9008
rear_door_bronze_000516,train,rear_door,bronze,PDR,0.601562,0.452083,0.002578,exact_2,0.0327,DEF0000064956,INS0001250868,PDR,RD,ABP,MINOR,N,25,206.73,1215.1,601.5,0.8627
rear_door_bronze_000521,train,rear_door,bronze,DNT,0.679688,0.201389,0.004444,exact_2,0.0506,DEF0000077030,INS0002970610,DNT,RD,P2W,MAJOR,Y,45,22.11,1417.1,141.0,0.922
rear_door_bronze_000521,train,rear_door,bronze,SCR,0.784375,0.754861,0.008713,exact_2,0.0399,DEF0000038029,INS0001691594,SCR,RD,ABP,MINOR,Y,15,229.64,1692.9,632.8,0.9874
rear_door_bronze_000680,train,rear_door,bronze,DNT,0.300781,0.334722,0.006601,exact_2,0.0524,DEF0000125754,INS0001316738,DNT,RD,P2W,MAJOR,Y,45,117.81,681.5,221.8,0.9371
rear_door_gray_000112,train,rear_door,gray,SCR,0.481641,0.420833,0.031842,exact_3,0.1135,DEF0000124174,INS0001895786,SCR,RD,YW6,MINOR,N,15,481.74,957.8,440.8,0.9199
rear_door_gray_000138,train,rear_door,gray,ORG,0.340625,0.184722,0.011736,exact_3,0.1977,DEF0000069367,INS0000221982,ORG,RD,YW6,MINOR,N,20,279.73,626.5,237.3,0.9769
rear_door_gray_000188,train,rear_door,gray,SCR,0.381641,0.402778,0.004863,exact_3,0.0651,DEF0000005477,INS0001981724,SCR,RD,YW6,MINOR,Y,15,134.09,592.6,351.0,0.8771
rear_door_gray_000188,train,rear_door,gray,SCR,0.440234,0.444444,0.00778,exact_3,0.0896,DEF0000139629,INS0002287245,SCR,RD,YW6,MINOR,Y,15,253.3,834.7,356.3,0.8842
rear_door_gray_000289,train,rear_door,gray,DST,0.281641,0.7,0.00332,exact_3,0.1193,DEF0000091205,INS0000556364,DST,RD,YW6,MINOR,N,10,254.19,449.7,632.6,0.9773
rear_door_gray_000289,train,rear_door,gray,DST,0.407813,0.679167,0.003776,exact_3,0.1596,DEF0000113754,INS0002921044,DST,RD,YW6,MINOR,Y,10,383.37,613.5,565.1,0.9425
rear_door_gray_000325,train,rear_door,gray,ORG,0.79375,0.183333,0.011736,exact_3,0.1382,DEF0000130372,INS0001098256,ORG,RD,YW6,MINOR,N,20,333.13,1641.1,143.0,0.8879
rear_door_gray_000325,train,rear_door,gray,DST,0.343359,0.185417,0.003623,exact_3,0.1011,DEF0000067968,INS0001471388,DST,RD,YW6,MINOR,N,10,291.06,658.6,118.0,0.9052
rear_door_gray_000345,train,rear_door,gray,DST,0.554297,0.8125,0.002539,exact_3,0.1424,DEF0000147032,INS0000092375,DST,RD,YW6,MINOR,N,10,72.31,1395.8,641.3,0.9006
rear_door_gray_000345,train,rear_door,gray,SCR,0.909766,0.284722,0.02224,exact_3,0.0732,DEF0000167265,INS0002274572,SCR,RD,YW6,MINOR,Y,15,473.54,1973.8,210.9,0.9479
rear_door_gray_000345,train,rear_door,gray,DNT,0.274219,0.322222,0.014601,exact_3,0.0405,DEF0000067076,INS0000538649,DNT,RD,YW6,MAJOR,Y,45,414.22,584.7,213.9,0.9283
rear_door_gray_000536,train,rear_door,gray,DNT,0.217188,0.655556,0.015625,exact_3,0.1104,DEF0000038111,INS0002619125,DNT,RD,YW6,MAJOR,Y,45,393.76,241.4,545.6,0.9498
rear_door_gray_000536,train,rear_door,gray,DNT,0.885938,0.233333,0.016684,exact_3,0.0543,DEF0000063314,INS0001105460,DNT,RD,YW6,MAJOR,Y,45,485.66,1866.4,170.2,0.8676
rear_door_gray_000545,train,rear_door,gray,DNT,0.772656,0.670833,0.017226,exact_3,0.153,DEF0000073805,INS0002169115,DNT,RD,YW6,MAJOR,Y,45,441.31,1883.1,628.8,0.9561
rear_door_gray_000566,train,rear_door,gray,PDR,0.521094,0.215972,0.002116,exact_3,0.1481,DEF0000012041,INS0002439679,PDR,RD,YW6,MINOR,N,25,155.15,839.5,153.5,0.9239
rear_door_gray_000713,train,rear_door,gray,DST,0.419531,0.763889,0.003281,exact_3,0.0566,DEF0000013417,INS0002706807,DST,RD,YW6,MINOR,Y,10,237.22,1006.7,685.7,0.9429
rear_door_gray_000713,train,rear_door,gray,DNT,0.578125,0.191667,0.006944,exact_3,0.1281,DEF0000046803,INS0001712345,DNT,RD,YW6,MAJOR,Y,45,92.96,1191.3,122.1,0.9713
rear_door_gray_000745,train,rear_door,gray,DNT,0.266406,0.729167,0.006944,exact_3,0.1184,DEF0000030677,INS0000463787,DNT,RD,YW6,MAJOR,Y,45,157.81,665.0,735.2,0.9528
rear_door_gray_000745,train,rear_door,gray,PBB,0.342969,0.838889,0.0025,exact_3,0.1978,DEF0000133185,INS0000148894,PBB,RD,YW6,MINOR,Y,30,80.36,455.6,647.1,0.8544
rear_door_green_000176,train,rear_door,green,ORG,0.082031,0.406944,0.005942,exact_2,0.0562,DEF0000089535,INS0000178657,ORG,RD,ABP,MINOR,N,20,40.39,182.2,298.7,0.9313
rear_door_green_000176,train,rear_door,green,PDR,0.878906,0.413194,0.003366,exact_2,0.0316,DEF0000160539,INS0002041091,PDR,RD,B3L,MINOR,N,25,356.94,1931.3,508.5,0.8692
rear_door_green_000401,train,rear_door,green,PBB,0.136328,0.465278,0.005977,exact_2,0.0658,DEF0000017671,INS0000563371,PBB,RD,SSS,MINOR,Y,30,405.95,303.1,408.6,0.867
rear_door_green_000401,train,rear_door,green,DNT,0.265625,0.3,0.018338,exact_2,0.0371,DEF0000060019,INS0002106893,DNT,RD,N5M,MAJOR,Y,45,489.52,615.9,231.1,0.9449
rear_door_green_000401,train,rear_door,green,DST,0.780859,0.770139,0.003044,exact_2,0.0419,DEF0000072307,INS0001017585,DST,RD,B3L,MINOR,N,10,166.7,1549.9,674.1,0.9667
rear_door_green_000406,train,rear_door,green,DNT,0.271875,0.708333,0.016684,exact_2,0.0646,DEF0000032858,INS0001433933,DNT,RD,YW6,MAJOR,Y,45,483.36,516.2,598.9,0.8936
rear_door_green_000579,train,rear_door,green,GAP,0.486719,0.342361,0.029839,exact_2,0.0472,DEF0000137290,INS0001392507,GAP,RD,P2W,CRITICAL,Y,60,410.15,771.4,125.5,0.9681
rear_door_green_000580,train,rear_door,green,PDR,0.875,0.401389,0.001875,exact_2,0.0418,DEF0000027287,INS0000714981,PDR,RD,C5G,MINOR,Y,25,63.0,1822.4,484.7,0.9623
rear_door_green_000695,train,rear_door,green,PDR,0.514062,0.428472,0.001695,exact_2,0.044,DEF0000071998,INS0002662819,PDR,RD,B3L,MINOR,N,25,38.83,1145.5,590.8,0.8687
rear_door_green_000695,train,rear_door,green,DST,0.869922,0.735417,0.002712,exact_2,0.057,DEF0000061938,INS0000719991,DST,RD,R4M,MINOR,N,10,79.01,1796.3,701.1,0.9053
rear_door_navy_000022,train,rear_door,navy,DST,0.180078,0.688194,0.003137,exact_2,0.0344,DEF0000139223,INS0001383745,DST,RD,SWP,MINOR,N,10,176.05,431.3,601.5,0.8884
rear_door_navy_000058,train,rear_door,navy,PDR,0.135156,0.501389,0.00207,exact_2,0.0289,DEF0000111253,INS0001383441,PDR,RD,W8Y,MINOR,Y,25,117.67,241.1,713.1,0.8598
rear_door_navy_000058,train,rear_door,navy,PDR,0.504687,0.234028,0.003411,exact_2,0.0621,DEF0000007593,INS0001523449,PDR,RD,B3L,MINOR,Y,25,366.85,1122.4,226.6,0.9485
rear_door_navy_000059,train,rear_door,navy,PDR,0.238281,0.194444,0.001806,exact_2,0.0281,DEF0000056751,INS0002871153,PDR,RD,B3L,MINOR,N,25,75.07,439.8,119.8,0.9031
rear_door_navy_000059,train,rear_door,navy,DST,0.366016,0.299306,0.004289,exact_2,0.0565,DEF0000155693,INS0001667501,DST,RD,WC9,MINOR,Y,10,461.99,743.6,210.1,0.8784
rear_door_navy_000145,train,rear_door,navy,GAP,0.387109,0.450694,0.015908,exact_2,0.0314,DEF0000121390,INS0001948534,GAP,RD,N5M,CRITICAL,Y,60,215.63,393.7,221.7,0.9863
rear_door_navy_000195,train,rear_door,navy,SCR,0.342578,0.40625,0.003465,exact_2,0.0315,DEF0000029773,INS0000659269,SCR,RD,YW6,MINOR,N,15,58.95,643.9,361.1,0.898
rear_door_navy_000234,train,rear_door,navy,SCR,0.401562,0.268056,0.008333,exact_2,0.0556,DEF0000157170,INS0001954475,SCR,RD,ABP,MINOR,Y,15,258.22,729.8,232.9,0.9072
rear_door_navy_000315,train,rear_door,navy,GAP,0.626953,0.442361,0.014404,exact_2,0.0551,DEF0000007752,INS0001472765,GAP,RD,SWP,CRITICAL,Y,60,148.99,1649.1,184.4,0.9373
rear_door_navy_000315,train,rear_door,navy,SCR,0.789844,0.576389,0.003125,exact_2,0.0314,DEF0000149989,INS0001288688,SCR,RD,ABP,MINOR,Y,15,32.36,1734.3,500.7,0.8711
rear_door_navy_000649,train,rear_door,navy,DNT,0.685937,0.520833,0.004171,exact_2,0.0377,DEF0000010245,INS0000498181,DNT,RD,B3L,MAJOR,Y,45,17.65,1526.0,391.4,0.9423
rear_door_navy_000650,train,rear_door,navy,ORG,0.395313,0.229167,0.010851,exact_2,0.0761,DEF0000162113,INS0000615576,ORG,RD,N5M,MINOR,N,20,260.71,1015.6,123.0,0.9823
rear_door_navy_000650,train,rear_door,navy,DNT,0.083594,0.661111,0.005017,exact_2,0.0229,DEF0000108424,INS0001704450,DNT,RD,B3L,MAJOR,Y,45,78.08,111.7,554.9,0.9498
rear_door_navy_000675,train,rear_door,navy,GAP,0.648438,0.529861,0.014247,exact_2,0.0521,DEF0000145332,INS0000231758,GAP,RD,SWP,CRITICAL,Y,60,93.5,1746.7,527.9,0.8793
rear_door_pearl_white_000040,train,rear_door,white,GAP,0.492969,0.371528,0.033516,exact_3,0.1624,DEF0000135682,INS0001208847,GAP,RD,P2W,CRITICAL,Y,60,432.2,1045.4,108.7,0.9602
rear_door_pearl_white_000085,train,rear_door,white,DNT,0.5,0.708333,0.011736,exact_3,0.0842,DEF0000135693,INS0002201774,DNT,RD,P2W,MAJOR,Y,45,333.12,1113.3,681.8,0.8532
rear_door_pearl_white_000169,train,rear_door,white,PBB,0.194922,0.788889,0.006,exact_3,0.0387,DEF0000130090,INS0002529496,PBB,RD,P2W,MINOR,N,30,409.01,503.5,712.5,0.9526
rear_door_pearl_white_000169,train,rear_door,white,SCR,0.692578,0.648611,0.024036,exact_3,0.0437,DEF0000062249,INS0000911286,SCR,RD,P2W,MINOR,Y,15,456.1,1443.1,555.5,0.9304
rear_door_pearl_white_000169,train,rear_door,white,PDR,0.617188,0.522917,0.004525,exact_3,0.0525,DEF0000105579,INS0000214738,PDR,RD,P2W,MINOR,N,25,484.22,1203.0,774.9,0.9582
rear_door_pearl_white_000378,train,rear_door,white,GAP,0.478516,0.304167,0.031795,exact_3,0.1122,DEF0000137290,INS0001392507,GAP,RD,P2W,CRITICAL,Y,60,410.15,771.4,125.5,0.9681
rear_door_pearl_white_000641,train,rear_door,white,GAP,0.398047,0.470833,0.014297,exact_3,0.0784,DEF0000045364,INS0000677206,GAP,RD,P2W,CRITICAL,Y,60,100.96,341.3,340.6,0.8653
rear_door_pearl_white_000682,train,rear_door,white,DST,0.176172,0.869444,0.003819,exact_3,0.0424,DEF0000130171,INS0000289055,DST,RD,P2W,MINOR,N,10,367.87,432.0,764.1,0.8798
rear_door_pearl_white_000682,train,rear_door,white,SCR,0.264062,0.470833,0.005781,exact_3,0.0292,DEF0000151073,INS0000982828,SCR,RD,P2W,MINOR,Y,15,156.54,481.0,420.1,0.8658
rear_door_pearl_white_000737,train,rear_door,white,SCR,0.645703,0.8125,0.006239,exact_3,0.0531,DEF0000056670,INS0002946877,SCR,RD,P2W,MINOR,N,15,162.13,1374.7,648.2,0.9677
rear_door_pearl_white_000753,train,rear_door,white,SCR,0.617188,0.321528,0.013945,exact_3,0.0724,DEF0000046379,INS0001261158,SCR,RD,P2W,MINOR,N,15,327.73,1215.6,266.8,0.9117
rear_door_pearl_white_000753,train,rear_door,white,CRK,0.603906,0.688889,0.007422,exact_3,0.0444,DEF0000110235,INS0000841534,CRK,RD,P2W,CRITICAL,Y,90,7.29,1064.6,605.5,0.9441
rear_door_pearl_white_000753,train,rear_door,white,ORG,0.79375,0.377778,0.006944,exact_3,0.1352,DEF0000078395,INS0000714424,ORG,RD,P2W,MINOR,N,20,75.1,1389.6,242.7,0.921
rear_door_pearl_white_000769,train,rear_door,white,ORG,0.3625,0.723611,0.017778,exact_3,0.0988,DEF0000042328,INS0001845983,ORG,RD,P2W,MINOR,N,20,486.61,760.4,634.8,0.9329
rear_door_pearl_white_000769,train,rear_door,white,DNT,0.158594,0.35,0.004444,exact_3,0.1004,DEF0000151799,INS0001580166,DNT,RD,P2W,MAJOR,Y,45,67.21,431.8,327.4,0.9146
rear_door_pearl_white_000788,train,rear_door,white,PDR,0.913281,0.472917,0.003776,exact_3,0.1646,DEF0000106765,INS0002213063,PDR,RD,P2W,MINOR,Y,25,439.83,1717.8,687.5,0.9716
rear_door_red_000067,train,rear_door,red,ORG,0.335156,0.606944,0.011289,exact_3,0.2476,DEF0000009650,INS0001639542,ORG,RD,R4M,MINOR,N,20,213.48,342.8,571.4,0.9737
rear_door_red_000105,train,rear_door,red,DNT,0.278125,0.466667,0.01615,exact_3,0.166,DEF0000021149,INS0002665316,DNT,RD,R4M,MAJOR,Y,45,422.3,463.5,273.6,0.8877
rear_door_red_000393,train,rear_door,red,PDR,0.678906,0.505556,0.002561,exact_3,0.2092,DEF0000134361,INS0002873862,PDR,RD,R4M,MINOR,Y,25,259.23,1558.2,612.7,0.9436
rear_door_red_000413,train,rear_door,red,SCR,0.173047,0.711806,0.007558,exact_3,0.1629,DEF0000080632,INS0001087347,SCR,RD,R4M,MINOR,Y,15,199.17,508.6,524.6,0.8758
rear_door_red_000413,train,rear_door,red,SCR,0.446875,0.334028,0.002246,exact_3,0.0732,DEF0000079696,INS0001953679,SCR,RD,R4M,MINOR,N,15,35.95,1054.7,314.8,0.9121
rear_door_red_000413,train,rear_door,red,PBB,0.820703,0.810417,0.003248,exact_3,0.1784,DEF0000166349,INS0000461594,PBB,RD,R4M,MINOR,N,30,13.09,1525.0,697.8,0.8619
rear_door_red_000445,train,rear_door,red,SCR,0.263672,0.109722,0.006105,exact_3,0.076,DEF0000061126,INS0002086567,SCR,RD,R4M,MINOR,N,15,151.19,353.6,137.1,0.9568
rear_door_red_000445,train,rear_door,red,PDR,0.492188,0.240278,0.003125,exact_3,0.0636,DEF0000036043,INS0001561853,PDR,RD,R4M,MINOR,Y,25,312.87,1144.5,242.9,0.9825
rear_door_red_000451,train,rear_door,red,DNT,0.398438,0.686111,0.009588,exact_3,0.109,DEF0000157535,INS0002716345,DNT,RD,R4M,MAJOR,Y,45,293.05,801.5,641.5,0.87
rear_door_red_000452,train,rear_door,red,PBB,0.517969,0.745833,0.004175,exact_3,0.064,DEF0000035233,INS0000994033,PBB,RD,R4M,MINOR,N,30,206.34,904.8,692.3,0.9003
rear_door_red_000496,train,rear_door,red,SCR,0.861328,0.347917,0.005589,exact_3,0.0735,DEF0000099517,INS0000984279,SCR,RD,R4M,MINOR,Y,15,116.18,1809.4,311.0,0.8897
rear_door_red_000496,train,rear_door,red,SCR,0.439453,0.291667,0.017448,exact_3,0.1913,DEF0000142966,INS0000030166,SCR,RD,R4M,MINOR,N,15,437.81,751.0,353.3,0.8667
rear_door_red_000535,train,rear_door,red,SCR,0.871875,0.934028,0.020204,exact_3,0.1334,DEF0000010695,INS0002911549,SCR,RD,R4M,MINOR,N,15,409.38,1762.5,717.0,0.9812
rear_door_red_000605,train,rear_door,red,SCR,0.244141,0.825694,0.024921,exact_3,0.1165,DEF0000115117,INS0002971587,SCR,RD,R4M,MINOR,Y,15,470.21,353.8,604.2,0.865
rear_door_silver_000118,train,rear_door,silver,PBB,0.726562,0.594444,0.00375,exact_3,0.0693,DEF0000086466,INS0001650311,PBB,RD,SWP,MINOR,N,30,119.51,1513.7,577.6,0.9242
rear_door_silver_000196,train,rear_door,silver,DNT,0.680469,0.727778,0.010851,exact_3,0.091,DEF0000070595,INS0000680611,DNT,RD,SWP,MAJOR,Y,45,338.11,1388.0,626.9,0.9297
rear_door_silver_000196,train,rear_door,silver,DST,0.061328,0.245139,0.003009,exact_3,0.0578,DEF0000095309,INS0000283546,DST,RD,SWP,MINOR,Y,10,132.27,113.0,187.1,0.9886
rear_door_silver_000196,train,rear_door,silver,SCR,0.238672,0.865278,0.015885,exact_3,0.0658,DEF0000000054,INS0000947485,SCR,RD,SWP,MINOR,Y,15,406.33,393.7,747.4,0.9734
rear_door_silver_000266,train,rear_door,silver,ORG,0.850781,0.834722,0.007656,exact_3,0.1143,DEF0000014315,INS0000888558,ORG,RD,SWP,MINOR,N,20,157.5,1886.4,724.1,0.8638
rear_door_silver_000463,train,rear_door,silver,CRK,0.903906,0.852083,0.009965,exact_3,0.2211,DEF0000062887,INS0002844786,CRK,RD,SWP,CRITICAL,Y,90,85.32,1517.0,692.4,0.9679
rear_door_silver_000486,train,rear_door,silver,PBB,0.471094,0.706944,0.003646,exact_3,0.0789,DEF0000147295,INS0001281288,PBB,RD,SWP,MINOR,Y,30,99.42,870.1,689.4,0.8949
rear_door_silver_000547,train,rear_door,silver,DNT,0.145313,0.85,0.007296,exact_3,0.1058,DEF0000026935,INS0001278142,DNT,RD,SWP,MAJOR,Y,45,150.45,413.9,738.0,0.9091
rear_door_silver_000547,train,rear_door,silver,GAP,0.489453,0.579167,0.0326,exact_3,0.0875,DEF0000040055,INS0002456431,GAP,RD,SWP,CRITICAL,Y,60,445.9,812.7,599.6,0.9276
rear_door_silver_000600,train,rear_door,silver,SCR,0.280859,0.472222,0.003906,exact_3,0.0964,DEF0000129690,INS0001937143,SCR,RD,SWP,MINOR,Y,15,32.18,413.7,378.7,0.9489
rear_door_silver_000724,train,rear_door,silver,DNT,0.15625,0.175,0.012656,exact_3,0.0358,DEF0000118589,INS0002258383,DNT,RD,SWP,MAJOR,Y,45,356.79,320.4,65.8,0.9073
rear_door_silver_000773,train,rear_door,silver,DST,0.469141,0.679861,0.003597,exact_3,0.0993,DEF0000095250,INS0001359123,DST,RD,SWP,MINOR,Y,10,365.62,1123.2,646.0,0.9275
rear_door_white_000020,train,rear_door,white,PBB,0.376172,0.654167,0.005862,exact_3,0.1065,DEF0000102647,INS0001137080,PBB,RD,P2W,MINOR,N,30,375.29,693.5,643.0,0.8973
rear_door_white_000096,train,rear_door,white,CRK,0.657031,0.420139,0.018902,exact_3,0.184,DEF0000019878,INS0000264514,CRK,RD,P2W,CRITICAL,Y,90,413.39,1415.4,234.3,0.8522
rear_door_white_000220,train,rear_door,white,SCR,0.716406,0.873611,0.019965,exact_3,0.0999,DEF0000014585,INS0002888604,SCR,RD,P2W,MINOR,N,15,425.23,1341.2,730.4,0.9393
rear_door_white_000277,train,rear_door,white,DNT,0.674219,0.445833,0.003906,exact_3,0.0276,DEF0000090954,INS0001544255,DNT,RD,P2W,MAJOR,Y,45,8.38,1470.4,384.0,0.9229
rear_door_white_000311,train,rear_door,white,ORG,0.8375,0.423611,0.017778,exact_3,0.1539,DEF0000020031,INS0000299631,ORG,RD,P2W,MINOR,N,20,462.79,1604.4,256.6,0.9015
rear_door_white_000442,train,rear_door,white,ORG,0.6125,0.502778,0.012192,exact_3,0.09,DEF0000087265,INS0000425438,ORG,RD,P2W,MINOR,N,20,310.08,1149.4,457.3,0.9732
rear_door_white_000467,train,rear_door,white,PBB,0.209766,0.570139,0.003337,exact_3,0.0776,DEF0000165679,INS0001136679,PBB,RD,P2W,MINOR,Y,30,75.15,556.2,511.6,0.8563
rear_door_white_000467,train,rear_door,white,ORG,0.53125,0.515278,0.009588,exact_3,0.0359,DEF0000084788,INS0001908749,ORG,RD,P2W,MINOR,N,20,190.91,1177.8,514.3,0.9426
rear_door_white_000640,train,rear_door,white,DNT,0.392188,0.802778,0.010851,exact_3,0.0544,DEF0000162048,INS0000958638,DNT,RD,P2W,MAJOR,Y,45,282.84,911.1,766.6,0.8749
rear_door_white_000666,train,rear_door,white,DST,0.105859,0.260417,0.004038,exact_3,0.081,DEF0000153317,INS0001130869,DST,RD,P2W,MINOR,N,10,396.15,159.4,125.0,0.8663
rear_door_white_000781,train,rear_door,white,DNT,0.502344,0.608333,0.009588,exact_3,0.0569,DEF0000078007,INS0002039776,DNT,RD,P2W,MAJOR,Y,45,241.71,1013.6,509.7,0.9621
rocker_black_000024,train,rocker,black,PBB,0.175391,0.725694,0.004268,exact_3,0.1215,DEF0000042577,INS0002756991,PBB,ROCKER,B3L,MINOR,N,30,154.44,453.0,697.0,0.9171
rocker_black_000045,train,rocker,black,DNT,0.755469,0.727778,0.005317,exact_3,0.0579,DEF0000137330,INS0001011302,DNT,ROCKER,B3L,MAJOR,Y,45,89.36,1729.0,628.5,0.9875
rocker_black_000134,train,rocker,black,ORG,0.114062,0.398611,0.005625,exact_3,0.0431,DEF0000092862,INS0001679560,ORG,ROCKER,B3L,MINOR,N,20,25.83,272.2,282.4,0.9425
rocker_black_000160,train,rocker,black,PDR,0.239063,0.36875,0.002734,exact_3,0.0718,DEF0000112083,INS0000306609,PDR,ROCKER,B3L,MINOR,N,25,248.63,545.2,449.4,0.8579
rocker_black_000204,train,rocker,black,PBB,0.496875,0.477083,0.003876,exact_3,0.1012,DEF0000088559,INS0001605119,PBB,ROCKER,B3L,MINOR,Y,30,195.08,1000.2,404.3,0.9787
rocker_black_000479,train,rocker,black,SCR,0.458984,0.731944,0.00684,exact_3,0.0333,DEF0000168637,INS0002792473,SCR,ROCKER,B3L,MINOR,N,15,203.78,913.5,599.2,0.9827
rocker_black_000479,train,rocker,black,SCR,0.564844,0.227083,0.003581,exact_3,0.0432,DEF0000065894,INS0002161846,SCR,ROCKER,B3L,MINOR,Y,15,78.71,1179.4,183.1,0.8924
rocker_black_000479,train,rocker,black,DST,0.681641,0.796528,0.00376,exact_3,0.0534,DEF0000048311,INS0002397328,DST,ROCKER,B3L,MINOR,N,10,350.26,1329.1,700.6,0.8838
rocker_black_000525,train,rocker,black,DST,0.128906,0.388194,0.003451,exact_3,0.0462,DEF0000027517,INS0000947710,DST,ROCKER,B3L,MINOR,N,10,247.4,181.3,297.1,0.8744
rocker_black_000592,train,rocker,black,DNT,0.417187,0.636111,0.011736,exact_3,0.0623,DEF0000034549,INS0000233007,DNT,ROCKER,B3L,MAJOR,Y,45,327.02,883.9,561.4,0.8503
rocker_black_000592,train,rocker,black,PDR,0.232813,0.539583,0.002889,exact_3,0.157,DEF0000154004,INS0002656663,PDR,ROCKER,B3L,MINOR,Y,25,321.19,238.2,778.2,0.886
rocker_black_000697,train,rocker,black,DNT,0.890625,0.191667,0.004727,exact_3,0.0548,DEF0000014938,INS0000373357,DNT,ROCKER,B3L,MAJOR,Y,45,41.94,1969.5,139.1,0.86
rocker_black_000701,train,rocker,black,GAP,0.364844,0.479861,0.01431,exact_3,0.1236,DEF0000144243,INS0000264177,GAP,ROCKER,B3L,CRITICAL,Y,60,120.6,233.7,398.5,0.8535
rocker_black_000701,train,rocker,black,SCR,0.578906,0.91875,0.009707,exact_3,0.0634,DEF0000112890,INS0002130822,SCR,ROCKER,B3L,MINOR,N,15,235.97,1194.1,796.1,0.8997
rocker_black_000723,train,rocker,black,CRK,0.807422,0.347222,0.01998,exact_3,0.0962,DEF0000003031,INS0001392304,CRK,ROCKER,B3L,CRITICAL,Y,90,341.17,1728.6,162.2,0.9459
rocker_black_000797,train,rocker,black,DNT,0.799219,0.152778,0.009588,exact_3,0.0291,DEF0000093425,INS0002902420,DNT,ROCKER,B3L,MAJOR,Y,45,255.12,1682.8,62.0,0.8725
rocker_black_000798,train,rocker,black,PDR,0.357812,0.226389,0.003698,exact_3,0.126,DEF0000048201,INS0001807540,PDR,ROCKER,B3L,MINOR,N,25,430.66,614.8,117.5,0.9702
rocker_blue_000187,train,rocker,blue,DST,0.564063,0.316667,0.003398,exact_3,0.1314,DEF0000020941,INS0001195138,DST,ROCKER,ABP,MINOR,N,10,264.6,1343.0,163.4,0.8706
rocker_blue_000201,train,rocker,blue,SCR,0.867188,0.411111,0.007448,exact_3,0.086,DEF0000167098,INS0000379163,SCR,ROCKER,ABP,MINOR,Y,15,171.6,1877.7,337.1,0.8596
rocker_blue_000217,train,rocker,blue,GAP,0.511328,0.698611,0.030959,exact_3,0.1485,DEF0000170070,INS0002586180,GAP,ROCKER,ABP,CRITICAL,Y,60,424.51,1344.3,677.4,0.8681
rocker_blue_000217,train,rocker,blue,PDR,0.371094,0.443056,0.003802,exact_3,0.1442,DEF0000092106,INS0002197575,PDR,ROCKER,ABP,MINOR,N,25,480.86,675.0,596.3,0.8607
rocker_blue_000222,train,rocker,blue,PBB,0.573047,0.349306,0.004871,exact_3,0.1322,DEF0000059092,INS0000087475,PBB,ROCKER,ABP,MINOR,Y,30,266.37,1039.8,320.5,0.8852
rocker_blue_000327,train,rocker,blue,CRK,0.901953,0.204167,0.015497,exact_3,0.3917,DEF0000070747,INS0002283960,CRK,ROCKER,ABP,CRITICAL,Y,90,317.95,1141.8,94.9,0.9058
rocker_blue_000499,train,rocker,blue,DST,0.866797,0.377083,0.003623,exact_3,0.1118,DEF0000167099,INS0000379163,DST,ROCKER,ABP,MINOR,Y,10,298.88,1922.2,355.3,0.8805
rocker_blue_000499,train,rocker,blue,DNT,0.303906,0.519444,0.004171,exact_3,0.1015,DEF0000157303,INS0000287790,DNT,ROCKER,ABP,MAJOR,Y,45,38.25,868.2,401.7,0.8713
rocker_blue_000499,train,rocker,blue,PBB,0.934375,0.266667,0.00605,exact_3,0.1271,DEF0000096547,INS0000275671,PBB,ROCKER,ABP,MINOR,N,30,449.45,1730.7,142.2,0.864
rocker_blue_000593,train,rocker,blue,PBB,0.532813,0.472222,0.005608,exact_3,0.051,DEF0000146489,INS0002737476,PBB,ROCKER,ABP,MINOR,N,30,355.1,1040.5,385.3,0.9105
rocker_blue_000714,train,rocker,blue,PBB,0.509766,0.825694,0.001898,exact_3,0.1351,DEF0000025770,INS0002738343,PBB,ROCKER,ABP,MINOR,N,30,80.2,983.5,760.0,0.8771
rocker_blue_000714,train,rocker,blue,DST,0.213281,0.271528,0.003027,exact_3,0.1114,DEF0000162264,INS0000424592,DST,ROCKER,ABP,MINOR,Y,10,143.55,672.4,139.8,0.9536
rocker_blue_000770,train,rocker,blue,GAP,0.648047,0.481944,0.014974,exact_3,0.0869,DEF0000052145,INS0001795768,GAP,ROCKER,ABP,CRITICAL,Y,60,133.7,1648.3,311.7,0.9583
rocker_blue_000770,train,rocker,blue,PBB,0.273828,0.609028,0.004584,exact_3,0.0714,DEF0000056533,INS0002164102,PBB,ROCKER,ABP,MINOR,Y,30,263.9,429.7,551.3,0.9891
rocker_blue_000770,train,rocker,blue,SCR,0.140234,0.301389,0.002949,exact_3,0.0429,DEF0000009243,INS0000379563,SCR,ROCKER,ABP,MINOR,N,15,24.35,192.2,295.6,0.8965
rocker_bronze_000150,train,rocker,bronze,CRK,0.741016,0.4,0.015365,exact_2,0.0989,DEF0000139072,INS0002158219,CRK,ROCKER,P2W,CRITICAL,Y,90,285.58,1440.0,222.6,0.965
rocker_bronze_000193,train,rocker,bronze,PDR,0.340625,0.341667,0.002552,exact_2,0.0551,DEF0000169843,INS0001717175,PDR,ROCKER,B3L,MINOR,Y,25,158.78,721.9,380.5,0.9415
rocker_bronze_000193,train,rocker,bronze,ORG,0.392969,0.816667,0.01,exact_2,0.0556,DEF0000155888,INS0002771775,ORG,ROCKER,WC9,MINOR,Y,20,217.48,813.2,755.6,0.8763
rocker_bronze_000252,train,rocker,bronze,DNT,0.157031,0.780556,0.003906,exact_2,0.0241,DEF0000102973,INS0000786821,DNT,ROCKER,C5G,MAJOR,Y,45,19.97,275.7,722.3,0.883
rocker_bronze_000252,train,rocker,bronze,DNT,0.142969,0.190278,0.011289,exact_2,0.0506,DEF0000148306,INS0002591212,DNT,ROCKER,YW6,MAJOR,Y,45,318.21,292.1,80.2,0.879
rocker_bronze_000408,train,rocker,bronze,DNT,0.5875,0.384722,0.017226,exact_2,0.0519,DEF0000073928,INS0000193999,DNT,ROCKER,B3L,MAJOR,Y,45,474.38,1207.9,341.0,0.8903
rocker_bronze_000408,train,rocker,bronze,SCR,0.796484,0.8,0.00584,exact_2,0.0497,DEF0000043339,INS0001299013,SCR,ROCKER,B3L,MINOR,N,15,154.7,1665.1,692.1,0.8796
rocker_bronze_000530,train,rocker,bronze,DNT,0.74375,0.388889,0.010851,exact_2,0.0415,DEF0000103253,INS0001519079,DNT,ROCKER,C5G,MAJOR,Y,45,306.47,1585.8,289.7,0.9516
rocker_bronze_000530,train,rocker,bronze,PDR,0.519531,0.470833,0.004071,exact_2,0.0505,DEF0000058343,INS0002546671,PDR,ROCKER,P2W,MINOR,N,25,464.13,1136.8,682.1,0.8753
rocker_gray_000013,train,rocker,gray,PDR,0.429688,0.529167,0.002578,exact_3,0.0815,DEF0000156460,INS0002480710,PDR,ROCKER,YW6,MINOR,N,25,156.98,861.4,762.3,0.8511
rocker_gray_000173,train,rocker,gray,SCR,0.846484,0.75,0.009316,exact_3,0.0888,DEF0000137618,INS0001615229,SCR,ROCKER,YW6,MINOR,N,15,236.64,1964.0,615.2,0.8776
rocker_gray_000178,train,rocker,gray,DNT,0.919531,0.336111,0.006267,exact_3,0.0899,DEF0000123703,INS0002204880,DNT,ROCKER,YW6,MAJOR,Y,45,147.82,1989.5,206.5,0.8855
rocker_gray_000178,train,rocker,gray,PBB,0.689844,0.573611,0.003776,exact_3,0.0644,DEF0000045352,INS0001745793,PBB,ROCKER,YW6,MINOR,N,30,143.82,1402.0,510.2,0.903
rocker_gray_000211,train,rocker,gray,SCR,0.208203,0.885417,0.00695,exact_3,0.0912,DEF0000067064,INS0002267119,SCR,ROCKER,YW6,MINOR,N,15,167.34,399.0,719.3,0.8965
rocker_gray_000211,train,rocker,gray,SCR,0.817578,0.810417,0.004626,exact_3,0.0807,DEF0000165630,INS0001213355,SCR,ROCKER,YW6,MINOR,Y,15,103.02,1624.3,713.0,0.885
rocker_gray_000211,train,rocker,gray,SCR,0.905859,0.786806,0.005186,exact_3,0.1069,DEF0000140040,INS0002738347,SCR,ROCKER,YW6,MINOR,N,15,126.79,1994.4,727.0,0.9561
rocker_gray_000485,train,rocker,gray,SCR,0.430859,0.295139,0.012911,exact_3,0.0175,DEF0000128805,INS0002279301,SCR,ROCKER,YW6,MINOR,N,15,321.61,878.6,269.6,0.955
rocker_gray_000540,train,rocker,gray,SCR,0.519922,0.504167,0.003223,exact_3,0.0779,DEF0000072146,INS0001951926,SCR,ROCKER,YW6,MINOR,Y,15,44.85,1230.8,425.5,0.9622
rocker_gray_000540,train,rocker,gray,SCR,0.406641,0.411111,0.008066,exact_3,0.0725,DEF0000032978,INS0000949525,SCR,ROCKER,YW6,MINOR,N,15,209.42,715.0,338.4,0.858
rocker_gray_000611,train,rocker,gray,PBB,0.469922,0.584028,0.005778,exact_3,0.0567,DEF0000055503,INS0000029745,PBB,ROCKER,YW6,MINOR,N,30,417.69,856.7,542.7,0.9096
rocker_gray_000721,train,rocker,gray,SCR,0.279297,0.511806,0.01749,exact_3,0.0997,DEF0000056155,INS0002570211,SCR,ROCKER,YW6,MINOR,Y,15,421.3,564.6,392.1,0.8837
rocker_gray_000721,train,rocker,gray,PDR,0.1875,0.25625,0.005046,exact_3,0.1191,DEF0000050185,INS0000804516,PDR,ROCKER,YW6,MINOR,Y,25,477.74,196.8,190.8,0.947
rocker_gray_000721,train,rocker,gray,PBB,0.840625,0.624306,0.005764,exact_3,0.1109,DEF0000075967,INS0001984252,PBB,ROCKER,YW6,MINOR,N,30,438.7,1889.3,572.6,0.886
rocker_green_000006,train,rocker,green,PDR,0.752344,0.381944,0.003281,exact_2,0.0478,DEF0000092208,INS0000073037,PDR,ROCKER,R4M,MINOR,Y,25,327.03,1598.1,446.2,0.8676
rocker_green_000006,train,rocker,green,PDR,0.169531,0.24375,0.003809,exact_2,0.029,DEF0000118344,INS0001662584,PDR,ROCKER,W8Y,MINOR,N,25,417.99,297.4,204.7,0.8511
rocker_green_000006,train,rocker,green,DNT,0.872656,0.656944,0.017778,exact_2,0.0286,DEF0000009545,INS0002766508,DNT,ROCKER,SWP,MAJOR,Y,45,498.7,1861.4,542.3,0.933
rocker_green_000151,train,rocker,green,SCR,0.883594,0.438889,0.006563,exact_2,0.0284,DEF0000004279,INS0002507139,SCR,ROCKER,TW3,MINOR,Y,15,171.46,1969.6,373.9,0.9075
rocker_green_000219,train,rocker,green,DST,0.680469,0.436806,0.003841,exact_2,0.014,DEF0000109976,INS0001570291,DST,ROCKER,P2W,MINOR,N,10,391.15,1381.2,366.8,0.855
rocker_green_000278,train,rocker,green,SCR,0.252344,0.780556,0.005078,exact_2,0.0636,DEF0000134780,INS0002105205,SCR,ROCKER,P2W,MINOR,Y,15,107.24,392.0,684.5,0.9429
rocker_green_000314,train,rocker,green,PBB,0.494531,0.724306,0.00538,exact_2,0.0528,DEF0000111972,INS0002041445,PBB,ROCKER,N5M,MINOR,N,30,335.03,908.3,666.7,0.9547
rocker_green_000314,train,rocker,green,DST,0.408203,0.297222,0.004236,exact_2,0.0334,DEF0000150870,INS0000625696,DST,ROCKER,P2W,MINOR,N,10,451.84,896.4,249.7,0.9029
rocker_green_000314,train,rocker,green,PBB,0.541797,0.861111,0.004941,exact_2,0.0327,DEF0000124941,INS0001328291,PBB,ROCKER,SSS,MINOR,N,30,321.67,1102.8,796.5,0.9236
rocker_green_000342,train,rocker,green,ORG,0.26875,0.575,0.007296,exact_2,0.0481,DEF0000088655,INS0002657656,ORG,ROCKER,R4M,MINOR,N,20,86.02,585.3,588.7,0.9033
rocker_green_000489,train,rocker,green,CRK,0.34375,0.30625,0.007652,exact_2,0.0716,DEF0000029340,INS0002120268,CRK,ROCKER,SSS,CRITICAL,Y,90,7.63,541.3,180.2,0.9447
rocker_green_000489,train,rocker,green,DNT,0.296094,0.184722,0.010851,exact_2,0.0521,DEF0000133793,INS0000372380,DNT,ROCKER,R4M,MAJOR,Y,45,318.67,605.1,79.5,0.8749
rocker_navy_000186,train,rocker,navy,SCR,0.539844,0.248611,0.006945,exact_2,0.0289,DEF0000015351,INS0000375700,SCR,ROCKER,ABP,MINOR,N,15,186.48,1111.2,197.2,0.911
rocker_navy_000186,train,rocker,navy,DST,0.302734,0.504861,0.002473,exact_2,0.0453,DEF0000007958,INS0002307292,DST,ROCKER,B3L,MINOR,N,10,39.58,702.9,441.1,0.9473
rocker_navy_000218,train,rocker,navy,DNT,0.161719,0.661111,0.004444,exact_2,0.0599,DEF0000088956,INS0000812893,DNT,ROCKER,W8Y,MAJOR,Y,45,27.58,366.7,536.4,0.9402
rocker_navy_000218,train,rocker,navy,GAP,0.480078,0.359722,0.027838,exact_2,0.0434,DEF0000108237,INS0001995239,GAP,ROCKER,SSS,CRITICAL,Y,60,314.11,694.6,154.7,0.9297
rocker_navy_000274,train,rocker,navy,SCR,0.258203,0.292361,0.005266,exact_2,0.0338,DEF0000003860,INS0002628244,SCR,ROCKER,P2W,MINOR,N,15,133.53,382.2,232.5,0.8982
rocker_navy_000304,train,rocker,navy,PBB,0.293359,0.313194,0.002753,exact_2,0.0589,DEF0000110589,INS0002233824,PBB,ROCKER,R4M,MINOR,Y,30,31.04,644.9,210.8,0.9179
rocker_navy_000429,train,rocker,navy,DST,0.930469,0.283333,0.00316,exact_2,0.0474,DEF0000040162,INS0000147650,DST,ROCKER,SWP,MINOR,N,10,173.46,1982.6,227.7,0.9646
rocker_navy_000587,train,rocker,navy,SCR,0.665234,0.613194,0.022751,exact_2,0.0447,DEF0000126304,INS0002232462,SCR,ROCKER,ABP,MINOR,N,15,455.61,1474.6,481.6,0.9848
rocker_navy_000677,train,rocker,navy,DNT,0.80625,0.726389,0.007656,exact_2,0.0463,DEF0000161489,INS0001334251,DNT,ROCKER,P2W,MAJOR,Y,45,181.44,1764.6,675.6,0.8677
rocker_navy_000677,train,rocker,navy,PBB,0.822656,0.691667,0.006597,exact_2,0.0444,DEF0000037766,INS0001232360,PBB,ROCKER,B3L,MINOR,N,30,451.25,1716.3,605.6,0.8957
rocker_navy_000677,train,rocker,navy,GAP,0.428516,0.484722,0.014051,exact_2,0.0422,DEF0000044544,INS0001783536,GAP,ROCKER,YW6,CRITICAL,Y,60,76.92,517.4,363.3,0.8663
rocker_navy_000689,train,rocker,navy,DNT,0.521875,0.306944,0.015109,exact_2,0.0178,DEF0000141597,INS0001925608,DNT,ROCKER,B3L,MAJOR,Y,45,424.52,1141.1,232.6,0.8683
rocker_navy_000689,train,rocker,navy,DNT,0.667969,0.243056,0.013129,exact_2,0.044,DEF0000063179,INS0002073587,DNT,ROCKER,P2W,MAJOR,Y,45,365.51,1361.4,180.5,0.8545
rocker_navy_000733,train,rocker,navy,DST,0.463672,0.827083,0.004435,exact_2,0.0866,DEF0000146741,INS0002976610,DST,ROCKER,B3L,MINOR,N,10,497.72,1012.3,671.3,0.8685
rocker_pearl_white_000110,train,rocker,white,DNT,0.180469,0.838889,0.01615,exact_3,0.032,DEF0000005732,INS0002693610,DNT,ROCKER,P2W,MAJOR,Y,45,442.73,294.6,765.8,0.9038
rocker_pearl_white_000110,train,rocker,white,DNT,0.851562,0.340278,0.004727,exact_3,0.1189,DEF0000133414,INS0002025898,DNT,ROCKER,P2W,MAJOR,Y,45,43.85,1702.0,184.2,0.9292
rocker_pearl_white_000110,train,rocker,white,PDR,0.125781,0.509028,0.002843,exact_3,0.1012,DEF0000086323,INS0001037444,PDR,ROCKER,P2W,MINOR,N,25,295.89,191.2,770.6,0.9688
rocker_pearl_white_000264,train,rocker,white,SCR,0.231641,0.320833,0.00457,exact_3,0.0647,DEF0000032003,INS0002212406,SCR,ROCKER,P2W,MINOR,Y,15,88.31,461.9,283.9,0.8616
rocker_pearl_white_000264,train,rocker,white,CRK,0.388281,0.535417,0.033305,exact_3,0.0828,DEF0000096978,INS0000267817,CRK,ROCKER,P2W,CRITICAL,Y,90,478.83,941.7,432.2,0.961
rocker_pearl_white_000264,train,rocker,white,SCR,0.226562,0.225,0.003385,exact_3,0.0893,DEF0000120610,INS0002038471,SCR,ROCKER,P2W,MINOR,N,15,22.57,380.5,123.3,0.8675
rocker_pearl_white_000267,train,rocker,white,DNT,0.639844,0.273611,0.01,exact_3,0.0905,DEF0000146099,INS0002042485,DNT,ROCKER,P2W,MAJOR,Y,45,233.89,1482.3,162.5,0.9099
rocker_pearl_white_000330,train,rocker,white,ORG,0.122656,0.559722,0.008789,exact_3,0.1337,DEF0000094015,INS0001605394,ORG,ROCKER,P2W,MINOR,N,20,221.41,195.2,597.5,0.9128
rocker_pearl_white_000416,train,rocker,white,PBB,0.940234,0.801389,0.002441,exact_3,0.1275,DEF0000102000,INS0001434275,PBB,ROCKER,P2W,MINOR,N,30,36.76,1982.2,629.3,0.9674
rocker_pearl_white_000418,train,rocker,white,DNT,0.430469,0.620833,0.005317,exact_3,0.0394,DEF0000112254,INS0000444528,DNT,ROCKER,P2W,MAJOR,Y,45,94.78,1063.3,489.7,0.9724
rocker_pearl_white_000522,train,rocker,white,PDR,0.186719,0.382639,0.00319,exact_3,0.0714,DEF0000166097,INS0001879836,PDR,ROCKER,P2W,MINOR,N,25,325.31,217.3,418.9,0.9772
rocker_pearl_white_000537,train,rocker,white,DNT,0.89375,0.511111,0.009588,exact_3,0.1415,DEF0000022214,INS0001873436,DNT,ROCKER,P2W,MAJOR,Y,45,266.61,1752.6,332.2,0.9385
rocker_pearl_white_000792,train,rocker,white,SCR,0.801562,0.455556,0.015234,exact_3,0.0697,DEF0000117349,INS0000938369,SCR,ROCKER,P2W,MINOR,Y,15,348.69,1830.8,387.7,0.9805
rocker_red_000019,train,rocker,red,SCR,0.433984,0.565278,0.009716,exact_3,0.104,DEF0000013189,INS0000990068,SCR,ROCKER,R4M,MINOR,N,15,258.26,1076.0,520.0,0.9622
rocker_red_000076,train,rocker,red,SCR,0.445312,0.745139,0.02727,exact_3,0.1248,DEF0000107041,INS0002870275,SCR,ROCKER,R4M,MINOR,N,15,478.93,1048.8,527.6,0.9636
rocker_red_000155,train,rocker,red,DNT,0.878906,0.431944,0.018338,exact_3,0.0602,DEF0000108690,INS0000761352,DNT,ROCKER,R4M,MAJOR,Y,45,494.13,1947.0,319.2,0.8866
rocker_red_000155,train,rocker,red,ORG,0.810937,0.255556,0.007296,exact_3,0.03,DEF0000079572,INS0000514852,ORG,ROCKER,R4M,MINOR,N,20,113.66,1704.7,210.4,0.9732
rocker_red_000228,train,rocker,red,GAP,0.31875,0.504861,0.014505,exact_3,0.0871,DEF0000044583,INS0000366715,GAP,ROCKER,R4M,CRITICAL,Y,60,118.57,375.2,486.8,0.8964
rocker_red_000371,train,rocker,red,DNT,0.900781,0.572222,0.004171,exact_3,0.0644,DEF0000154553,INS0001111356,DNT,ROCKER,R4M,MAJOR,Y,45,8.21,1887.8,484.7,0.9576
rocker_red_000371,train,rocker,red,SCR,0.322266,0.325694,0.002028,exact_3,0.0684,DEF0000025629,INS0002387781,SCR,ROCKER,R4M,MINOR,N,15,23.6,600.9,243.4,0.9205
rocker_red_000371,train,rocker,red,DNT,0.435937,0.631944,0.018338,exact_3,0.1898,DEF0000017995,INS0000143322,DNT,ROCKER,R4M,MAJOR,Y,45,442.0,831.7,439.3,0.9206
rocker_red_000409,train,rocker,red,SCR,0.392188,0.571528,0.004666,exact_3,0.1473,DEF0000003351,INS0000221640,SCR,ROCKER,R4M,MINOR,Y,15,67.97,717.6,574.2,0.9481
rocker_red_000457,train,rocker,red,GAP,0.492969,0.370833,0.026979,exact_3,0.1706,DEF0000018164,INS0001333045,GAP,ROCKER,R4M,CRITICAL,Y,60,291.69,672.1,51.9,0.8905
rocker_red_000563,train,rocker,red,ORG,0.159375,0.205556,0.013129,exact_3,0.048,DEF0000155066,INS0002529561,ORG,ROCKER,R4M,MINOR,N,20,319.03,371.3,133.1,0.9571
rocker_red_000563,train,rocker,red,ORG,0.597656,0.213889,0.018338,exact_3,0.2302,DEF0000163908,INS0002626195,ORG,ROCKER,R4M,MINOR,Y,20,485.92,957.7,267.1,0.9804
rocker_red_000563,train,rocker,red,PDR,0.179688,0.221528,0.00265,exact_3,0.1086,DEF0000122319,INS0002517578,PDR,ROCKER,R4M,MINOR,N,25,178.54,398.9,117.2,0.9517
rocker_red_000693,train,rocker,red,SCR,0.507031,0.279167,0.024844,exact_3,0.1082,DEF0000096999,INS0000671993,SCR,ROCKER,R4M,MINOR,Y,15,425.53,1153.2,227.9,0.9366
rocker_silver_000247,train,rocker,silver,DST,0.216406,0.639583,0.00224,exact_3,0.065,DEF0000087577,INS0000000024,DST,ROCKER,SWP,MINOR,N,10,26.71,584.9,621.2,0.8542
rocker_silver_000247,train,rocker,silver,PBB,0.765234,0.311111,0.006172,exact_3,0.0729,DEF0000093374,INS0001694093,PBB,ROCKER,SWP,MINOR,Y,30,433.72,1548.8,194.2,0.9775
rocker_silver_000247,train,rocker,silver,DNT,0.650781,0.229167,0.004171,exact_3,0.0417,DEF0000033240,INS0001788425,DNT,ROCKER,SWP,MAJOR,Y,45,23.22,1484.0,160.4,0.8517
rocker_silver_000305,train,rocker,silver,SCR,0.540234,0.093056,0.003411,exact_3,0.072,DEF0000028722,INS0001467678,SCR,ROCKER,SWP,MINOR,N,15,31.66,1098.4,121.2,0.9714
rocker_silver_000305,train,rocker,silver,PBB,0.279687,0.306944,0.001823,exact_3,0.079,DEF0000088341,INS0000853409,PBB,ROCKER,SWP,MINOR,N,30,38.07,613.3,181.3,0.8548
rocker_silver_000305,train,rocker,silver,SCR,0.822266,0.245139,0.005821,exact_3,0.0391,DEF0000087798,INS0000073251,SCR,ROCKER,SWP,MINOR,N,15,154.63,1827.1,216.9,0.884
rocker_silver_000318,train,rocker,silver,SCR,0.856641,0.453472,0.011991,exact_3,0.0637,DEF0000132157,INS0002529378,SCR,ROCKER,SWP,MINOR,N,15,304.76,1959.2,368.1,0.9432
rocker_silver_000370,train,rocker,silver,PBB,0.634766,0.372917,0.006768,exact_3,0.0902,DEF0000048805,INS0001142134,PBB,ROCKER,SWP,MINOR,N,30,457.12,1307.3,261.0,0.8564
rocker_silver_000370,train,rocker,silver,GAP,0.520703,0.721528,0.033076,exact_3,0.0993,DEF0000053537,INS0002287107,GAP,ROCKER,SWP,CRITICAL,Y,60,444.7,1175.6,759.1,0.9255
rocker_silver_000423,train,rocker,silver,SCR,0.364063,0.759028,0.004082,exact_3,0.0716,DEF0000157357,INS0001366272,SCR,ROCKER,SWP,MINOR,N,15,105.4,753.0,603.5,0.9179
rocker_silver_000424,train,rocker,silver,DNT,0.417969,0.609722,0.008403,exact_3,0.1509,DEF0000116243,INS0000138537,DNT,ROCKER,SWP,MAJOR,Y,45,181.69,1192.3,553.4,0.9495
rocker_silver_000435,train,rocker,silver,CRK,0.784375,0.542361,0.022467,exact_3,0.1547,DEF0000072563,INS0000513355,CRK,ROCKER,SWP,CRITICAL,Y,90,414.83,1704.1,313.4,0.9524
rocker_silver_000435,train,rocker,silver,SCR,0.275781,0.186111,0.006927,exact_3,0.0195,DEF0000090691,INS0001558212,SCR,ROCKER,SWP,MINOR,Y,15,196.31,448.9,125.5,0.9138
rocker_silver_000435,train,rocker,silver,SCR,0.892578,0.340278,0.019071,exact_3,0.0441,DEF0000015159,INS0001111291,SCR,ROCKER,SWP,MINOR,Y,15,391.44,1987.0,288.2,0.9408
rocker_silver_000498,train,rocker,silver,SCR,0.543359,0.6125,0.02681,exact_3,0.0852,DEF0000127822,INS0002298465,SCR,ROCKER,SWP,MINOR,N,15,460.75,1068.2,463.6,0.9678
rocker_silver_000639,train,rocker,silver,CRK,0.800781,0.50625,0.009154,exact_3,0.1275,DEF0000154643,INS0002592204,CRK,ROCKER,SWP,CRITICAL,Y,90,41.16,1533.5,466.8,0.9442
rocker_white_000023,train,rocker,white,PBB,0.110937,0.74375,0.002489,exact_3,0.2042,DEF0000019127,INS0001808634,PBB,ROCKER,P2W,MINOR,N,30,24.9,449.2,556.5,0.8626
rocker_white_000071,train,rocker,white,SCR,0.366797,0.061111,0.015373,exact_3,0.0642,DEF0000166459,INS0002152784,SCR,ROCKER,P2W,MINOR,Y,15,333.91,666.6,65.4,0.8597
rocker_white_000071,train,rocker,white,DNT,0.217969,0.25,0.01,exact_3,0.0688,DEF0000096557,INS0001728447,DNT,ROCKER,P2W,MAJOR,Y,45,233.67,378.5,172.3,0.9471
rocker_white_000071,train,rocker,white,ORG,0.809375,0.454167,0.01615,exact_3,0.113,DEF0000126386,INS0002097514,ORG,ROCKER,P2W,MINOR,Y,20,390.89,1524.7,367.1,0.8998
rocker_white_000088,train,rocker,white,GAP,0.507812,0.583333,0.026666,exact_3,0.0915,DEF0000064691,INS0000083052,GAP,ROCKER,P2W,CRITICAL,Y,60,274.92,916.6,654.8,0.8912
rocker_white_000198,train,rocker,white,DNT,0.403906,0.698611,0.004444,exact_3,0.0737,DEF0000078893,INS0002385105,DNT,ROCKER,P2W,MAJOR,Y,45,41.03,839.1,652.6,0.9084
rocker_white_000198,train,rocker,white,SCR,0.602344,0.348611,0.010959,exact_3,0.0471,DEF0000092666,INS0000798581,SCR,ROCKER,P2W,MINOR,N,15,292.15,1334.5,288.2,0.9857
rocker_white_000265,train,rocker,white,CRK,0.376953,0.279167,0.012949,exact_3,0.0126,DEF0000082360,INS0002526542,CRK,ROCKER,P2W,CRITICAL,Y,90,154.98,779.5,198.4,0.9454
rocker_white_000265,train,rocker,white,GAP,0.559766,0.472917,0.014024,exact_3,0.1202,DEF0000031424,INS0002050679,GAP,ROCKER,P2W,CRITICAL,Y,60,117.21,1518.0,259.1,0.9073
rocker_white_000469,train,rocker,white,PBB,0.859766,0.286806,0.002939,exact_3,0.0411,DEF0000138254,INS0001284800,PBB,ROCKER,P2W,MINOR,N,30,65.79,1877.4,189.6,0.9241
rocker_white_000469,train,rocker,white,PDR,0.909375,0.145833,0.001458,exact_3,0.0665,DEF0000076784,INS0001731920,PDR,ROCKER,P2W,MINOR,Y,25,26.88,1869.0,60.8,0.9187
rocker_white_000500,train,rocker,white,CRK,0.685937,0.572917,0.017209,exact_3,0.1541,DEF0000106748,INS0000623293,CRK,ROCKER,P2W,CRITICAL,Y,90,346.31,1508.1,378.8,0.9271
rocker_white_000500,train,rocker,white,PDR,0.296875,0.199306,0.001981,exact_3,0.1091,DEF0000002518,INS0000597031,PDR,ROCKER,P2W,MINOR,N,25,74.17,634.9,171.7,0.9065
rocker_white_000500,train,rocker,white,PBB,0.06875,0.24375,0.004512,exact_3,0.0359,DEF0000125810,INS0000048367,PBB,ROCKER,P2W,MINOR,N,30,235.95,100.5,118.8,0.896
rocker_white_000590,train,rocker,white,DNT,0.084375,0.393056,0.013611,exact_3,0.0374,DEF0000052487,INS0002733106,DNT,ROCKER,P2W,MAJOR,Y,45,389.65,188.2,326.5,0.9899
rocker_white_000659,train,rocker,white,PBB,0.178516,0.811806,0.004289,exact_3,0.1223,DEF0000084699,INS0000499876,PBB,ROCKER,P2W,MINOR,N,30,167.84,326.5,748.3,0.9847
rocker_white_000757,train,rocker,white,PBB,0.184375,0.2,0.005773,exact_3,0.0998,DEF0000010373,INS0000635481,PBB,ROCKER,P2W,MINOR,N,30,348.61,412.4,109.6,0.9401
roof_black_000015,train,roof,black,DNT,0.910156,0.152778,0.009588,exact_3,0.179,DEF0000114959,INS0000958094,DNT,ROOF,B3L,MAJOR,Y,45,245.3,1682.2,128.2,0.8697
roof_black_000015,train,roof,black,SCR,0.18125,0.304861,0.005751,exact_3,0.0654,DEF0000047769,INS0001465149,SCR,ROOF,B3L,MINOR,N,15,167.29,168.1,255.4,0.9012
roof_black_000015,train,roof,black,SCR,0.260547,0.63125,0.008797,exact_3,0.0533,DEF0000043606,INS0002552920,SCR,ROOF,B3L,MINOR,N,15,241.19,468.4,562.7,0.9563
roof_black_000296,train,roof,black,PBB,0.531641,0.315972,0.004515,exact_3,0.0717,DEF0000062416,INS0000133106,PBB,ROOF,B3L,MINOR,N,30,255.49,1177.0,201.9,0.9547
roof_black_000296,train,roof,black,GAP,0.491797,0.274306,0.028347,exact_3,0.0811,DEF0000070692,INS0001621060,GAP,ROOF,B3L,CRITICAL,Y,60,386.73,892.7,118.9,0.8847
roof_black_000296,train,roof,black,DNT,0.1,0.740278,0.012656,exact_3,0.1453,DEF0000026147,INS0001628606,DNT,ROOF,B3L,MAJOR,Y,45,338.91,363.3,740.4,0.9511
roof_black_000410,train,roof,black,DNT,0.586719,0.186111,0.014601,exact_3,0.0471,DEF0000091477,INS0001950219,DNT,ROOF,B3L,MAJOR,Y,45,411.36,1322.3,81.3,0.8789
roof_black_000410,train,roof,black,PDR,0.207813,0.289583,0.002756,exact_3,0.0947,DEF0000055032,INS0002066100,PDR,ROOF,B3L,MINOR,Y,25,203.63,495.4,308.9,0.8843
roof_black_000410,train,roof,black,SCR,0.395313,0.278472,0.013854,exact_3,0.1188,DEF0000142993,INS0001927311,SCR,ROOF,B3L,MINOR,N,15,330.44,893.5,170.9,0.9484
roof_black_000548,train,roof,black,SCR,0.723047,0.785417,0.012824,exact_3,0.0373,DEF0000086074,INS0002181818,SCR,ROOF,B3L,MINOR,Y,15,311.8,1507.6,623.5,0.9364
roof_blue_000043,train,roof,blue,DST,0.167969,0.270139,0.004238,exact_3,0.0861,DEF0000073101,INS0001082495,DST,ROOF,ABP,MINOR,N,10,465.69,203.5,154.7,0.9584
roof_blue_000043,train,roof,blue,PBB,0.530469,0.477778,0.003398,exact_3,0.0897,DEF0000048199,INS0001001380,PBB,ROOF,ABP,MINOR,N,30,70.17,1153.5,384.9,0.8536
roof_blue_000043,train,roof,blue,DNT,0.414062,0.769444,0.006267,exact_3,0.0933,DEF0000125788,INS0002222652,DNT,ROOF,ABP,MAJOR,Y,45,93.46,1114.4,714.1,0.9224
roof_blue_000080,train,roof,blue,DNT,0.124219,0.140278,0.008789,exact_3,0.1639,DEF0000038996,INS0000012829,DNT,ROOF,ABP,MAJOR,Y,45,285.54,175.2,135.8,0.9219
roof_blue_000080,train,roof,blue,SCR,0.569922,0.807639,0.007703,exact_3,0.0478,DEF0000120912,INS0002314814,SCR,ROOF,ABP,MINOR,N,15,240.72,1214.7,664.1,0.9776
roof_blue_000080,train,roof,blue,DNT,0.798438,0.740278,0.011289,exact_3,0.0524,DEF0000148866,INS0001701875,DNT,ROOF,ABP,MAJOR,Y,45,307.39,1629.8,670.9,0.9625
roof_blue_000171,train,roof,blue,PDR,0.309375,0.396528,0.00327,exact_3,0.0727,DEF0000100758,INS0000053854,PDR,ROOF,ABP,MINOR,N,25,306.54,491.8,491.4,0.9799
roof_blue_000212,train,roof,blue,ORG,0.884375,0.505556,0.008789,exact_3,0.0994,DEF0000096920,INS0002945428,ORG,ROOF,ABP,MINOR,Y,20,171.73,1951.4,374.1,0.8699
roof_blue_000212,train,roof,blue,DST,0.646094,0.773611,0.002695,exact_3,0.1625,DEF0000137802,INS0000552273,DST,ROOF,ABP,MINOR,N,10,54.84,1522.1,626.5,0.8957
roof_blue_000212,train,roof,blue,DNT,0.302344,0.606944,0.006601,exact_3,0.1471,DEF0000109574,INS0002035168,DNT,ROOF,ABP,MAJOR,Y,45,160.48,917.4,508.6,0.8616
roof_blue_000365,train,roof,blue,PDR,0.33125,0.307639,0.001934,exact_3,0.0757,DEF0000137639,INS0001361843,PDR,ROOF,ABP,MINOR,Y,25,71.71,769.2,309.2,0.9604
roof_blue_000365,train,roof,blue,DNT,0.407031,0.493056,0.015109,exact_3,0.0494,DEF0000025795,INS0000287715,DNT,ROOF,ABP,MAJOR,Y,45,437.01,984.4,399.3,0.8692
roof_blue_000464,train,roof,blue,DNT,0.175781,0.645833,0.01615,exact_3,0.0616,DEF0000103176,INS0002796237,DNT,ROOF,ABP,MAJOR,Y,45,422.53,393.1,513.5,0.9296
roof_blue_000477,train,roof,blue,SCR,0.165625,0.433333,0.005825,exact_3,0.0569,DEF0000001420,INS0000258952,SCR,ROOF,ABP,MINOR,N,15,180.1,306.5,378.9,0.9108
roof_blue_000477,train,roof,blue,PBB,0.527734,0.697222,0.004373,exact_3,0.095,DEF0000095336,INS0002472481,PBB,ROOF,ABP,MINOR,Y,30,223.86,992.6,570.8,0.9396
roof_blue_000685,train,roof,blue,PBB,0.882031,0.689583,0.006009,exact_3,0.0772,DEF0000041120,INS0000713234,PBB,ROOF,ABP,MINOR,N,30,419.93,1697.7,631.6,0.9266
roof_blue_000685,train,roof,blue,SCR,0.739453,0.360417,0.003072,exact_3,0.0607,DEF0000013616,INS0000478403,SCR,ROOF,ABP,MINOR,Y,15,35.86,1701.6,312.4,0.8664
roof_bronze_000008,train,roof,bronze,PBB,0.1125,0.847222,0.006103,exact_2,0.0639,DEF0000144970,INS0002409492,PBB,ROOF,YW6,MINOR,N,30,425.0,153.9,727.6,0.9278
roof_bronze_000008,train,roof,bronze,DNT,0.211719,0.213889,0.017778,exact_2,0.0229,DEF0000157720,INS0000883815,DNT,ROOF,B3L,MAJOR,Y,45,485.21,417.3,153.7,0.8985
roof_bronze_000094,train,roof,bronze,PDR,0.298438,0.3375,0.002305,exact_2,0.0599,DEF0000039926,INS0001324944,PDR,ROOF,N5M,MINOR,Y,25,138.98,454.9,378.7,0.8736
roof_bronze_000170,train,roof,bronze,PBB,0.540625,0.864583,0.005697,exact_2,0.0574,DEF0000135764,INS0001386674,PBB,ROOF,YW6,MINOR,N,30,366.15,1166.0,779.5,0.9666
roof_bronze_000336,train,roof,bronze,SCR,0.253125,0.068056,0.021055,exact_2,0.0563,DEF0000116387,INS0000414183,SCR,ROOF,ABP,MINOR,Y,15,413.12,475.4,52.7,0.8911
roof_bronze_000336,train,roof,bronze,DST,0.333594,0.298611,0.003038,exact_2,0.035,DEF0000081697,INS0002495006,DST,ROOF,TW3,MINOR,Y,10,171.88,806.3,223.9,0.9292
roof_bronze_000465,train,roof,bronze,CRK,0.5125,0.267361,0.022311,exact_2,0.0323,DEF0000121327,INS0000326017,CRK,ROOF,B3L,CRITICAL,Y,90,395.37,936.7,156.7,0.8568
roof_bronze_000465,train,roof,bronze,SCR,0.269531,0.370139,0.00561,exact_2,0.0389,DEF0000134934,INS0000716061,SCR,ROOF,P2W,MINOR,N,15,150.84,433.8,296.1,0.988
roof_bronze_000603,train,roof,bronze,DNT,0.589063,0.572222,0.009184,exact_2,0.0525,DEF0000107508,INS0001906839,DNT,ROOF,N5M,MAJOR,Y,45,218.16,1318.6,427.0,0.8912
roof_bronze_000669,train,roof,bronze,DST,0.388672,0.349306,0.00364,exact_2,0.0531,DEF0000089031,INS0001928116,DST,ROOF,B3L,MINOR,N,10,362.88,871.1,249.3,0.9401
roof_bronze_000669,train,roof,bronze,SCR,0.895703,0.836806,0.007905,exact_2,0.0524,DEF0000062056,INS0000538939,SCR,ROOF,P2W,MINOR,N,15,227.56,1868.4,700.1,0.9438
roof_gray_000061,train,roof,gray,GAP,0.529687,0.709722,0.028333,exact_3,0.115,DEF0000031551,INS0002403346,GAP,ROOF,YW6,CRITICAL,Y,60,411.54,1512.6,739.1,0.9649
roof_gray_000144,train,roof,gray,DNT,0.673438,0.45,0.01615,exact_3,0.0997,DEF0000038752,INS0001510521,DNT,ROOF,YW6,MAJOR,Y,45,427.15,1608.7,399.9,0.881
roof_gray_000177,train,roof,gray,SCR,0.890625,0.803472,0.005317,exact_3,0.1094,DEF0000019613,INS0002847308,SCR,ROOF,YW6,MINOR,N,15,134.23,1864.5,588.0,0.9513
roof_gray_000177,train,roof,gray,GAP,0.523828,0.46875,0.012304,exact_3,0.0915,DEF0000029196,INS0002075397,GAP,ROOF,YW6,CRITICAL,Y,60,18.43,1477.6,192.4,0.908
roof_gray_000202,train,roof,gray,GAP,0.304688,0.452778,0.015573,exact_3,0.137,DEF0000170893,INS0002328056,GAP,ROOF,YW6,CRITICAL,Y,60,257.79,396.6,191.4,0.8849
roof_gray_000260,train,roof,gray,SCR,0.690625,0.226389,0.021354,exact_3,0.089,DEF0000168889,INS0001547108,SCR,ROOF,YW6,MINOR,N,15,464.49,1549.8,129.8,0.8703
roof_gray_000488,train,roof,gray,DNT,0.905469,0.698611,0.008403,exact_3,0.1405,DEF0000114612,INS0001507927,DNT,ROOF,YW6,MAJOR,Y,45,146.52,1904.6,566.7,0.8761
roof_gray_000555,train,roof,gray,CRK,0.658594,0.49375,0.009546,exact_3,0.0653,DEF0000024025,INS0002554750,CRK,ROOF,YW6,CRITICAL,Y,90,80.87,1481.0,368.7,0.9626
roof_gray_000728,train,roof,gray,ORG,0.292187,0.381944,0.017778,exact_3,0.1378,DEF0000088523,INS0002682835,ORG,ROOF,YW6,MINOR,Y,20,414.59,677.9,352.4,0.8996
roof_gray_000771,train,roof,gray,DST,0.177734,0.491667,0.002339,exact_3,0.119,DEF0000116334,INS0002487163,DST,ROOF,YW6,MINOR,N,10,97.09,414.4,479.6,0.9782
roof_gray_000780,train,roof,gray,DNT,0.307031,0.390278,0.012656,exact_3,0.1204,DEF0000042271,INS0002724381,DNT,ROOF,YW6,MAJOR,Y,45,307.66,761.1,363.9,0.9767
roof_green_000091,train,roof,green,SCR,0.692969,0.090972,0.02722,exact_2,0.0361,DEF0000063443,INS0002383918,SCR,ROOF,ABP,MINOR,N,15,490.78,1460.2,91.2,0.9141
roof_green_000091,train,roof,green,GAP,0.520703,0.294444,0.028724,exact_2,0.0839,DEF0000153808,INS0000981171,GAP,ROOF,W8Y,CRITICAL,Y,60,335.06,1439.1,80.9,0.9717
roof_green_000091,train,roof,green,PBB,0.510156,0.756944,0.003633,exact_2,0.0545,DEF0000055000,INS0001646955,PBB,ROOF,SSS,MINOR,Y,30,109.35,907.6,653.7,0.9721
roof_green_000275,train,roof,green,ORG,0.819531,0.406944,0.016684,exact_2,0.0425,DEF0000064295,INS0000767952,ORG,ROOF,SWP,MINOR,N,20,437.44,1719.9,368.0,0.9553
roof_green_000686,train,roof,green,CRK,0.582422,0.577083,0.023959,exact_2,0.0481,DEF0000107413,INS0002829079,CRK,ROOF,P2W,CRITICAL,Y,90,427.07,1149.7,511.5,0.902
roof_green_000706,train,roof,green,SCR,0.536328,0.811111,0.008641,exact_2,0.0424,DEF0000092589,INS0002235245,SCR,ROOF,B3L,MINOR,N,15,235.7,1064.0,662.2,0.8693
roof_green_000716,train,roof,green,SCR,0.632422,0.672222,0.014926,exact_2,0.0425,DEF0000051890,INS0000489118,SCR,ROOF,SWP,MINOR,N,15,347.97,1286.3,555.3,0.8565
roof_green_000789,train,roof,green,PDR,0.7625,0.388194,0.00265,exact_2,0.0588,DEF0000118221,INS0000446972,PDR,ROOF,SSS,MINOR,Y,25,235.15,1650.0,457.6,0.9634
roof_green_000789,train,roof,green,SCR,0.241797,0.442361,0.017994,exact_2,0.0367,DEF0000023168,INS0001098473,SCR,ROOF,C5G,MINOR,N,15,383.23,340.5,387.2,0.9334
roof_green_000789,train,roof,green,SCR,0.189453,0.36875,0.010173,exact_2,0.0268,DEF0000085257,INS0002269105,SCR,ROOF,YW6,MINOR,N,15,273.67,292.8,340.1,0.8619
roof_navy_000106,train,roof,navy,CRK,0.844141,0.859028,0.03126,exact_2,0.0265,DEF0000142331,INS0000415120,CRK,ROOF,WC9,CRITICAL,Y,90,475.71,1860.3,797.6,0.8758
roof_navy_000106,train,roof,navy,DNT,0.742188,0.659722,0.01,exact_2,0.0343,DEF0000104972,INS0000995794,DNT,ROOF,P2W,MAJOR,Y,45,258.36,1571.8,543.6,0.9884
roof_navy_000133,train,roof,navy,SCR,0.387891,0.393056,0.002012,exact_2,0.0468,DEF0000125843,INS0001628380,SCR,ROOF,ABP,MINOR,N,15,27.69,681.3,344.6,0.8828
roof_navy_000133,train,roof,navy,SCR,0.274609,0.104861,0.015515,exact_2,0.0499,DEF0000137033,INS0002244108,SCR,ROOF,W8Y,MINOR,Y,15,383.59,534.4,69.5,0.9247
roof_navy_000146,train,roof,navy,PDR,0.369531,0.204167,0.003776,exact_2,0.0124,DEF0000006763,INS0000080087,PDR,ROOF,WC9,MINOR,N,25,413.67,753.8,122.6,0.9144
roof_navy_000221,train,roof,navy,ORG,0.652344,0.218056,0.007296,exact_2,0.0676,DEF0000040301,INS0000958236,ORG,ROOF,P2W,MINOR,Y,20,94.13,1388.9,197.1,0.8656
roof_navy_000221,train,roof,navy,DNT,0.5625,0.747222,0.009184,exact_2,0.0607,DEF0000132807,INS0001857203,DNT,ROOF,B3L,MAJOR,Y,45,241.95,1313.7,722.9,0.9812
roof_navy_000539,train,roof,navy,SCR,0.694922,0.45625,0.005908,exact_2,0.0543,DEF0000141503,INS0000478679,SCR,ROOF,SWP,MINOR,N,15,167.21,1489.3,361.4,0.9442
roof_navy_000648,train,roof,navy,ORG,0.436719,0.619444,0.017226,exact_2,0.019,DEF0000104988,INS0001536610,ORG,ROOF,YW6,MINOR,N,20,447.94,981.6,581.0,0.8571
roof_navy_000765,train,roof,navy,DNT,0.266406,0.372222,0.015625,exact_2,0.0437,DEF0000077719,INS0002448408,DNT,ROOF,B3L,MAJOR,Y,45,436.0,517.6,288.3,0.925
roof_navy_000765,train,roof,navy,SCR,0.43125,0.879167,0.00217,exact_2,0.0384,DEF0000003525,INS0002826486,SCR,ROOF,B3L,MINOR,N,15,15.42,858.7,761.4,0.9123
roof_pearl_white_000168,train,roof,white,DST,0.082031,0.618056,0.003498,exact_3,0.0398,DEF0000135901,INS0002125463,DST,ROOF,P2W,MINOR,N,10,261.19,180.5,555.0,0.8786
roof_pearl_white_000168,train,roof,white,DNT,0.264844,0.836111,0.008025,exact_3,0.0642,DEF0000108887,INS0001247396,DNT,ROOF,P2W,MAJOR,Y,45,221.22,504.1,788.6,0.9472
roof_pearl_white_000189,train,roof,white,PBB,0.656641,0.577778,0.005816,exact_3,0.0583,DEF0000005967,INS0000663160,PBB,ROOF,P2W,MINOR,Y,30,432.58,1451.2,481.8,0.8661
roof_pearl_white_000239,train,roof,white,DST,0.796484,0.259722,0.002268,exact_3,0.1066,DEF0000000956,INS0001041767,DST,ROOF,P2W,MINOR,N,10,49.91,1904.9,149.5,0.9172
roof_pearl_white_000239,train,roof,white,DNT,0.810937,0.813889,0.015109,exact_3,0.0395,DEF0000041031,INS0000410038,DNT,ROOF,P2W,MAJOR,Y,45,410.11,1735.5,783.1,0.919
roof_pearl_white_000280,train,roof,white,DNT,0.214844,0.405556,0.005317,exact_3,0.0661,DEF0000148554,INS0002334903,DNT,ROOF,P2W,MAJOR,Y,45,96.68,303.6,299.2,0.9766
roof_pearl_white_000280,train,roof,white,PBB,0.319141,0.715972,0.005915,exact_3,0.1221,DEF0000044992,INS0002960932,PBB,ROOF,P2W,MINOR,Y,30,470.03,759.3,654.5,0.9132
roof_pearl_white_000411,train,roof,white,DNT,0.089063,0.604167,0.013611,exact_3,0.0728,DEF0000016572,INS0000358138,DNT,ROOF,P2W,MAJOR,Y,45,386.53,251.1,506.9,0.886
roof_pearl_white_000411,train,roof,white,DNT,0.728125,0.7,0.005625,exact_3,0.0825,DEF0000143701,INS0000377273,DNT,ROOF,P2W,MAJOR,Y,45,130.09,1580.7,578.8,0.9048
roof_pearl_white_000439,train,roof,white,DNT,0.4,0.776389,0.011736,exact_3,0.0715,DEF0000048328,INS0000408846,DNT,ROOF,P2W,MAJOR,Y,45,339.98,997.5,737.3,0.9592
roof_pearl_white_000439,train,roof,white,PDR,0.677344,0.545833,0.003906,exact_3,0.123,DEF0000125534,INS0000215284,PDR,ROOF,P2W,MINOR,Y,25,394.87,1533.2,735.3,0.9704
roof_pearl_white_000439,train,roof,white,DNT,0.90625,0.565278,0.004171,exact_3,0.0952,DEF0000100026,INS0000629626,DNT,ROOF,P2W,MAJOR,Y,45,6.01,1845.7,486.5,0.9661
roof_pearl_white_000546,train,roof,white,DNT,0.342187,0.454167,0.004171,exact_3,0.0996,DEF0000126673,INS0002838888,DNT,ROOF,P2W,MAJOR,Y,45,15.14,892.9,357.4,0.9396
roof_pearl_white_000546,train,roof,white,DST,0.792578,0.882639,0.004161,exact_3,0.0535,DEF0000132944,INS0002839878,DST,ROOF,P2W,MINOR,Y,10,471.74,1673.4,782.4,0.8642
roof_pearl_white_000660,train,roof,white,GAP,0.544141,0.527778,0.012912,exact_3,0.0849,DEF0000158468,INS0001276596,GAP,ROOF,P2W,CRITICAL,Y,60,63.68,1495.7,521.9,0.8807
roof_pearl_white_000660,train,roof,white,ORG,0.470313,0.306944,0.014102,exact_3,0.0985,DEF0000001901,INS0002659479,ORG,ROOF,P2W,MINOR,Y,20,346.4,1176.7,236.0,0.9411
roof_red_000041,train,roof,red,GAP,0.532422,0.497222,0.013976,exact_3,0.1282,DEF0000094553,INS0001843102,GAP,ROOF,R4M,CRITICAL,Y,60,44.82,1320.8,365.4,0.9464
roof_red_000257,train,roof,red,SCR,0.21875,0.694444,0.00401,exact_3,0.1825,DEF0000005336,INS0002618343,SCR,ROOF,R4M,MINOR,Y,15,15.56,416.2,675.6,0.9738
roof_red_000434,train,roof,red,DST,0.777344,0.131944,0.003889,exact_3,0.2269,DEF0000170885,INS0001026559,DST,ROOF,R4M,MINOR,N,10,464.6,1338.7,170.8,0.8602
roof_red_000434,train,roof,red,DNT,0.877344,0.704167,0.003906,exact_3,0.2832,DEF0000125020,INS0001100691,DNT,ROOF,R4M,MAJOR,Y,45,49.25,1425.0,514.9,0.9008
roof_red_000434,train,roof,red,PDR,0.869531,0.448611,0.002344,exact_3,0.1523,DEF0000036056,INS0001725678,PDR,ROOF,R4M,MINOR,N,25,166.43,1863.1,491.3,0.9117
roof_red_000754,train,roof,red,PDR,0.282031,0.396528,0.005111,exact_3,0.1588,DEF0000164216,INS0000072743,PDR,ROOF,R4M,MINOR,N,25,480.52,364.7,572.7,0.9501
roof_red_000767,train,roof,red,PBB,0.896875,0.283333,0.002804,exact_3,0.0387,DEF0000066865,INS0000907660,PBB,ROOF,R4M,MINOR,Y,30,45.3,1810.0,198.2,0.8836
roof_red_000767,train,roof,red,PDR,0.60625,0.204861,0.003509,exact_3,0.1189,DEF0000104392,INS0000788511,PDR,ROOF,R4M,MINOR,N,25,412.49,1379.9,108.3,0.978
roof_red_000767,train,roof,red,DST,0.382031,0.436111,0.003038,exact_3,0.1812,DEF0000049397,INS0000599330,DST,ROOF,R4M,MINOR,N,10,196.69,639.3,458.4,0.8772
roof_silver_000279,train,roof,silver,DNT,0.709375,0.281944,0.006267,exact_3,0.0517,DEF0000167490,INS0001174604,DNT,ROOF,SWP,MAJOR,Y,45,98.41,1571.8,228.6,0.9167
roof_silver_000279,train,roof,silver,DST,0.819531,0.566667,0.00375,exact_3,0.1086,DEF0000038346,INS0001947368,DST,ROOF,SWP,MINOR,N,10,418.15,1748.2,476.8,0.8586
roof_silver_000279,train,roof,silver,PBB,0.699219,0.356944,0.005165,exact_3,0.0389,DEF0000082083,INS0000413144,PBB,ROOF,SWP,MINOR,N,30,326.16,1509.7,309.1,0.9481
roof_silver_000377,train,roof,silver,GAP,0.509375,0.5125,0.014705,exact_3,0.144,DEF0000145810,INS0002833647,GAP,ROOF,SWP,CRITICAL,Y,60,144.3,1164.1,582.5,0.8766
roof_silver_000377,train,roof,silver,ORG,0.190625,0.426389,0.012192,exact_3,0.1161,DEF0000028971,INS0001384241,ORG,ROOF,SWP,MINOR,Y,20,339.83,511.5,424.2,0.8975
roof_silver_000377,train,roof,silver,DNT,0.829688,0.856944,0.004727,exact_3,0.0876,DEF0000060422,INS0001328066,DNT,ROOF,SWP,MAJOR,Y,45,42.91,1897.5,755.6,0.924
roof_silver_000388,train,roof,silver,DST,0.209375,0.71875,0.002871,exact_3,0.0985,DEF0000137930,INS0001991080,DST,ROOF,SWP,MINOR,N,10,116.19,408.3,717.0,0.8789
roof_silver_000402,train,roof,silver,DNT,0.521875,0.179167,0.010851,exact_3,0.0569,DEF0000169243,INS0001028190,DNT,ROOF,SWP,MAJOR,Y,45,278.86,1192.8,117.9,0.9501
roof_silver_000402,train,roof,silver,DST,0.659766,0.634722,0.003652,exact_3,0.1168,DEF0000069408,INS0001492104,DST,ROOF,SWP,MINOR,N,10,348.85,1123.1,605.6,0.9102
roof_silver_000468,train,roof,silver,GAP,0.519531,0.434028,0.027003,exact_3,0.1338,DEF0000021715,INS0000548835,GAP,ROOF,SWP,CRITICAL,Y,60,328.79,1089.9,123.8,0.943
roof_silver_000468,train,roof,silver,PBB,0.712109,0.493056,0.007372,exact_3,0.1553,DEF0000042331,INS0002597265,PBB,ROOF,SWP,MINOR,N,30,495.81,1593.1,524.7,0.9845
roof_silver_000696,train,roof,silver,SCR,0.320312,0.072222,0.014826,exact_3,0.0493,DEF0000024037,INS0001664755,SCR,ROOF,SWP,MINOR,N,15,332.62,551.1,50.4,0.8891
roof_white_000064,train,roof,white,SCR,0.126562,0.445139,0.00821,exact_3,0.058,DEF0000057790,INS0002047797,SCR,ROOF,P2W,MINOR,N,15,245.26,102.1,419.5,0.9774
roof_white_000064,train,roof,white,ORG,0.103125,0.691667,0.013611,exact_3,0.1079,DEF0000109747,INS0001212764,ORG,ROOF,P2W,MINOR,N,20,315.78,212.0,602.2,0.9443
roof_white_000064,train,roof,white,PDR,0.504687,0.236806,0.00158,exact_3,0.0987,DEF0000101347,INS0000541272,PDR,ROOF,P2W,MINOR,Y,25,31.38,1251.9,199.0,0.9192
roof_white_000104,train,roof,white,ORG,0.539062,0.534722,0.007296,exact_3,0.0841,DEF0000170478,INS0001786012,ORG,ROOF,P2W,MINOR,Y,20,65.47,1223.5,547.8,0.901
roof_white_000104,train,roof,white,CRK,0.281641,0.660417,0.021787,exact_3,0.1015,DEF0000041492,INS0001603934,CRK,ROOF,P2W,CRITICAL,Y,90,386.01,409.3,533.4,0.9739
roof_white_000161,train,roof,white,PBB,0.657422,0.277778,0.00584,exact_3,0.0492,DEF0000009384,INS0002681795,PBB,ROOF,P2W,MINOR,N,30,430.66,1434.7,175.3,0.8554
roof_white_000161,train,roof,white,DNT,0.551562,0.855556,0.015109,exact_3,0.1206,DEF0000080399,INS0002467343,DNT,ROOF,P2W,MAJOR,Y,45,427.51,1008.5,775.6,0.9075
roof_white_000273,train,roof,white,PBB,0.558594,0.692361,0.004798,exact_3,0.0286,DEF0000165391,INS0000161060,PBB,ROOF,P2W,MINOR,N,30,286.78,1129.8,638.7,0.9779
roof_white_000273,train,roof,white,ORG,0.699219,0.254167,0.011289,exact_3,0.1023,DEF0000058921,INS0001376655,ORG,ROOF,P2W,MINOR,N,20,250.25,1531.8,124.3,0.9155
roof_white_000293,train,roof,white,DST,0.9,0.613889,0.004036,exact_3,0.1054,DEF0000064736,INS0000800032,DST,ROOF,P2W,MINOR,N,10,457.81,1828.1,509.4,0.8859
roof_white_000338,train,roof,white,ORG,0.142187,0.831944,0.012192,exact_3,0.128,DEF0000098178,INS0000733495,ORG,ROOF,P2W,MINOR,Y,20,316.08,435.9,696.3,0.9707
roof_white_000456,train,roof,white,CRK,0.184766,0.553472,0.015025,exact_3,0.125,DEF0000135585,INS0002312916,CRK,ROOF,P2W,CRITICAL,Y,90,200.62,421.3,439.2,0.9601
roof_white_000514,train,roof,white,DNT,0.478906,0.666667,0.017778,exact_3,0.1009,DEF0000076620,INS0000266855,DNT,ROOF,P2W,MAJOR,Y,45,456.85,1170.1,619.4,0.8976
roof_white_000514,train,roof,white,SCR,0.670703,0.136806,0.007143,exact_3,0.0404,DEF0000048509,INS0001914655,SCR,ROOF,P2W,MINOR,Y,15,193.95,1416.6,101.2,0.9827
roof_white_000538,train,roof,white,PBB,0.135547,0.411806,0.004289,exact_3,0.112,DEF0000044782,INS0001227989,PBB,ROOF,P2W,MINOR,N,30,233.08,381.2,410.8,0.9766
roof_white_000538,train,roof,white,DNT,0.619531,0.569444,0.013611,exact_3,0.06,DEF0000103716,INS0000459867,DNT,ROOF,P2W,MAJOR,Y,45,361.5,1360.1,481.9,0.8548
roof_white_000655,train,roof,white,SCR,0.432422,0.665278,0.002737,exact_3,0.0749,DEF0000144797,INS0002229867,SCR,ROOF,P2W,MINOR,Y,15,51.51,807.0,544.7,0.9251
trunk_black_000018,train,trunk,black,PBB,0.558984,0.384722,0.00635,exact_3,0.0821,DEF0000032486,INS0001624599,PBB,TRUNK,B3L,MINOR,N,30,486.92,1116.8,358.8,0.8915
trunk_black_000062,train,trunk,black,PDR,0.128906,0.259028,0.003516,exact_3,0.102,DEF0000132928,INS0002428347,PDR,TRUNK,B3L,MINOR,Y,25,386.86,171.0,333.4,0.9359
trunk_black_000121,train,trunk,black,SCR,0.392578,0.772917,0.00404,exact_3,0.0405,DEF0000114398,INS0002378435,SCR,TRUNK,B3L,MINOR,Y,15,86.56,678.7,630.1,0.9248
trunk_black_000125,train,trunk,black,SCR,0.371875,0.686111,0.005239,exact_3,0.0662,DEF0000036208,INS0000366921,SCR,TRUNK,B3L,MINOR,N,15,126.25,686.9,522.3,0.9641
trunk_black_000125,train,trunk,black,SCR,0.533203,0.51875,0.004515,exact_3,0.0392,DEF0000159094,INS0000998976,SCR,TRUNK,B3L,MINOR,N,15,110.56,1071.2,453.6,0.8843
trunk_black_000240,train,trunk,black,SCR,0.602734,0.691667,0.003924,exact_3,0.1039,DEF0000039018,INS0000339790,SCR,TRUNK,B3L,MINOR,N,15,122.52,1283.4,586.0,0.9668
trunk_black_000312,train,trunk,black,SCR,0.701953,0.809028,0.005073,exact_3,0.0332,DEF0000161706,INS0000948330,SCR,TRUNK,B3L,MINOR,N,15,125.13,1581.5,685.0,0.9347
trunk_black_000312,train,trunk,black,GAP,0.479297,0.592361,0.031963,exact_3,0.1002,DEF0000150106,INS0002626950,GAP,TRUNK,B3L,CRITICAL,Y,60,472.52,764.4,678.0,0.9644
trunk_black_000312,train,trunk,black,DST,0.582422,0.285417,0.003521,exact_3,0.1287,DEF0000163606,INS0001006967,DST,TRUNK,B3L,MINOR,Y,10,337.66,1138.6,255.1,0.9186
trunk_black_000366,train,trunk,black,DNT,0.870313,0.441667,0.004444,exact_3,0.0864,DEF0000078357,INS0001987828,DNT,TRUNK,B3L,MAJOR,Y,45,80.92,1771.6,369.0,0.8975
trunk_black_000366,train,trunk,black,ORG,0.110937,0.288889,0.017226,exact_3,0.1342,DEF0000063137,INS0002902087,ORG,TRUNK,B3L,MINOR,N,20,440.88,491.0,208.7,0.9122
trunk_black_000366,train,trunk,black,GAP,0.51875,0.31875,0.028001,exact_3,0.127,DEF0000056259,INS0002938171,GAP,TRUNK,B3L,CRITICAL,Y,60,359.02,1090.2,52.3,0.9332
trunk_black_000368,train,trunk,black,GAP,0.509766,0.56875,0.027926,exact_3,0.1043,DEF0000072626,INS0002776527,GAP,TRUNK,B3L,CRITICAL,Y,60,316.17,997.5,702.6,0.926
trunk_black_000368,train,trunk,black,DNT,0.400781,0.531944,0.009588,exact_3,0.081,DEF0000126044,INS0000234234,DNT,TRUNK,B3L,MAJOR,Y,45,279.19,858.6,391.8,0.9378
trunk_black_000574,train,trunk,black,SCR,0.126953,0.252083,0.004519,exact_3,0.0393,DEF0000016240,INS0000432133,SCR,TRUNK,B3L,MINOR,N,15,87.74,202.8,228.2,0.9244
trunk_black_000597,train,trunk,black,DNT,0.346875,0.729167,0.010851,exact_3,0.0421,DEF0000136678,INS0000132663,DNT,TRUNK,B3L,MAJOR,Y,45,317.46,676.3,663.8,0.8789
trunk_black_000601,train,trunk,black,SCR,0.650391,0.924306,0.005452,exact_3,0.1018,DEF0000134699,INS0002703622,SCR,TRUNK,B3L,MINOR,N,15,177.25,1518.9,749.4,0.9299
trunk_black_000601,train,trunk,black,DNT,0.1625,0.165278,0.017226,exact_3,0.0586,DEF0000003342,INS0000225251,DNT,TRUNK,B3L,MAJOR,Y,45,480.74,440.4,72.2,0.9296
trunk_black_000710,train,trunk,black,DST,0.528516,0.121528,0.003009,exact_3,0.0842,DEF0000072353,INS0000678339,DST,TRUNK,B3L,MINOR,Y,10,184.0,1179.2,54.6,0.9439
trunk_blue_000183,train,trunk,blue,SCR,0.810937,0.119444,0.010625,exact_3,0.0523,DEF0000158019,INS0000260405,SCR,TRUNK,ABP,MINOR,N,15,266.07,1662.3,100.9,0.8599
trunk_blue_000405,train,trunk,blue,GAP,0.653906,0.485417,0.015525,exact_3,0.1343,DEF0000070501,INS0002185880,GAP,TRUNK,ABP,CRITICAL,Y,60,149.85,1955.4,366.1,0.8904
trunk_blue_000425,train,trunk,blue,SCR,0.507812,0.203472,0.007109,exact_3,0.1011,DEF0000011742,INS0001287782,SCR,TRUNK,ABP,MINOR,N,15,218.07,1109.4,226.9,0.9073
trunk_blue_000461,train,trunk,blue,ORG,0.314844,0.370833,0.013129,exact_3,0.1726,DEF0000113110,INS0000240923,ORG,TRUNK,ABP,MINOR,Y,20,298.87,973.6,221.5,0.9468
trunk_blue_000461,train,trunk,blue,CRK,0.656641,0.636806,0.01601,exact_3,0.2027,DEF0000169408,INS0002703804,CRK,TRUNK,ABP,CRITICAL,Y,90,310.78,1304.4,701.7,0.9825
trunk_blue_000519,train,trunk,blue,PBB,0.146094,0.840278,0.003767,exact_3,0.1269,DEF0000017463,INS0001011703,PBB,TRUNK,ABP,MINOR,N,30,130.55,551.2,777.5,0.8689
trunk_blue_000519,train,trunk,blue,SCR,0.155078,0.106944,0.011439,exact_3,0.0622,DEF0000072973,INS0001179642,SCR,TRUNK,ABP,MINOR,Y,15,291.19,309.1,106.7,0.9796
trunk_blue_000678,train,trunk,blue,SCR,0.818359,0.147917,0.011058,exact_3,0.0546,DEF0000144343,INS0002982589,SCR,TRUNK,ABP,MINOR,N,15,283.49,1709.0,148.0,0.8701
trunk_blue_000690,train,trunk,blue,ORG,0.632812,0.647222,0.014601,exact_3,0.0944,DEF0000049639,INS0000042820,ORG,TRUNK,ABP,MINOR,Y,20,415.1,1403.7,666.8,0.9773
trunk_blue_000764,train,trunk,blue,GAP,0.637109,0.48125,0.015322,exact_3,0.1244,DEF0000142707,INS0002471734,GAP,TRUNK,ABP,CRITICAL,Y,60,225.35,1780.5,258.7,0.8662
trunk_blue_000775,train,trunk,blue,DNT,0.664062,0.243056,0.006944,exact_3,0.0638,DEF0000015015,INS0002805168,DNT,TRUNK,ABP,MAJOR,Y,45,155.19,1355.0,136.6,0.955
trunk_bronze_000203,train,trunk,bronze,PBB,0.779687,0.613889,0.006016,exact_2,0.063,DEF0000135516,INS0001307166,PBB,TRUNK,TW3,MINOR,Y,30,405.45,1650.9,532.0,0.9598
trunk_bronze_000248,train,trunk,bronze,SCR,0.275781,0.371528,0.010762,exact_2,0.0267,DEF0000082118,INS0002163328,SCR,TRUNK,P2W,MINOR,N,15,286.03,492.0,309.5,0.8845
trunk_bronze_000248,train,trunk,bronze,SCR,0.661719,0.488194,0.030234,exact_2,0.0294,DEF0000106691,INS0001978937,SCR,TRUNK,P2W,MINOR,N,15,498.15,1419.0,411.0,0.921
trunk_bronze_000248,train,trunk,bronze,GAP,0.716406,0.451389,0.016832,exact_2,0.0348,DEF0000090616,INS0000779608,GAP,TRUNK,V5P,CRITICAL,Y,60,277.94,1949.0,204.8,0.9151
trunk_bronze_000287,train,trunk,bronze,SCR,0.411719,0.795139,0.019121,exact_2,0.0346,DEF0000107632,INS0001155419,SCR,TRUNK,B3L,MINOR,N,15,400.4,828.9,676.0,0.9299
trunk_bronze_000287,train,trunk,bronze,SCR,0.777734,0.365278,0.005441,exact_2,0.0574,DEF0000018197,INS0002300059,SCR,TRUNK,C5G,MINOR,Y,15,166.97,1686.5,339.7,0.8788
trunk_bronze_000480,train,trunk,bronze,DNT,0.5375,0.747222,0.01615,exact_2,0.0303,DEF0000085091,INS0001024303,DNT,TRUNK,SWP,MAJOR,Y,45,447.19,1172.8,704.5,0.9343
trunk_bronze_000532,train,trunk,bronze,DST,0.266016,0.4125,0.00319,exact_2,0.0802,DEF0000160606,INS0002108379,DST,TRUNK,B3L,MINOR,N,10,229.37,675.4,362.9,0.9272
trunk_bronze_000532,train,trunk,bronze,SCR,0.760547,0.834028,0.004584,exact_2,0.0304,DEF0000012045,INS0002309809,SCR,TRUNK,YW6,MINOR,Y,15,97.29,1659.3,723.1,0.9672
trunk_bronze_000532,train,trunk,bronze,DST,0.125391,0.44375,0.002805,exact_2,0.0624,DEF0000036607,INS0001645501,DST,TRUNK,P2W,MINOR,Y,10,78.32,216.8,362.8,0.9459
trunk_bronze_000553,train,trunk,bronze,SCR,0.767969,0.444444,0.025,exact_2,0.0347,DEF0000095143,INS0001936087,SCR,TRUNK,SWP,MINOR,Y,15,470.04,1592.5,371.3,0.9832
trunk_bronze_000553,train,trunk,bronze,DNT,0.235156,0.527778,0.008789,exact_2,0.0436,DEF0000028194,INS0001558935,DNT,TRUNK,SWP,MAJOR,Y,45,205.94,478.1,413.5,0.9132
trunk_bronze_000645,train,trunk,bronze,ORG,0.470313,0.559722,0.008025,exact_2,0.0297,DEF0000029322,INS0000226731,ORG,TRUNK,SWP,MINOR,N,20,147.41,1063.5,529.2,0.8943
trunk_gray_000034,train,trunk,gray,DNT,0.151562,0.747222,0.006944,exact_3,0.0349,DEF0000066483,INS0002977666,DNT,TRUNK,YW6,MAJOR,Y,45,136.42,285.3,689.4,0.8986
trunk_gray_000034,train,trunk,gray,DST,0.269922,0.854861,0.004443,exact_3,0.2283,DEF0000040657,INS0000451410,DST,TRUNK,YW6,MINOR,Y,10,415.97,446.0,640.3,0.875
trunk_gray_000038,train,trunk,gray,DNT,0.897656,0.359722,0.007656,exact_3,0.2016,DEF0000077024,INS0000189362,DNT,TRUNK,YW6,MAJOR,Y,45,201.33,1575.4,324.4,0.9781
trunk_gray_000054,train,trunk,gray,SCR,0.836719,0.318056,0.025521,exact_3,0.1071,DEF0000082766,INS0002756237,SCR,TRUNK,YW6,MINOR,Y,15,430.68,1864.2,251.3,0.9619
trunk_gray_000075,train,trunk,gray,SCR,0.130078,0.896528,0.006466,exact_3,0.0724,DEF0000065455,INS0001171264,SCR,TRUNK,YW6,MINOR,Y,15,156.76,244.0,728.7,0.9579
trunk_gray_000331,train,trunk,gray,PBB,0.361719,0.695139,0.006348,exact_3,0.1174,DEF0000062717,INS0002743920,PBB,TRUNK,YW6,MINOR,N,30,466.28,732.8,542.2,0.9863
trunk_gray_000394,train,trunk,gray,PBB,0.107031,0.554167,0.004253,exact_3,0.1484,DEF0000091306,INS0000533553,PBB,TRUNK,YW6,MINOR,N,30,277.6,130.1,452.9,0.9813
trunk_gray_000394,train,trunk,gray,PDR,0.814063,0.414583,0.001997,exact_3,0.1349,DEF0000099818,INS0001632112,PDR,TRUNK,YW6,MINOR,N,25,45.51,1770.7,490.1,0.8719
trunk_gray_000551,train,trunk,gray,SCR,0.694922,0.649306,0.022408,exact_3,0.0941,DEF0000025346,INS0002136803,SCR,TRUNK,YW6,MINOR,N,15,423.62,1371.6,522.4,0.9155
trunk_green_000052,train,trunk,green,DNT,0.3,0.723611,0.010421,exact_2,0.0565,DEF0000026786,INS0002663255,DNT,TRUNK,SWP,MAJOR,Y,45,296.01,559.8,615.8,0.8998
trunk_green_000052,train,trunk,green,ORG,0.26875,0.847222,0.007656,exact_2,0.0607,DEF0000077001,INS0002513749,ORG,TRUNK,SSS,MINOR,N,20,111.11,573.0,761.3,0.9813
trunk_green_000135,train,trunk,green,SCR,0.646875,0.860417,0.011059,exact_2,0.0286,DEF0000046992,INS0000402664,SCR,TRUNK,R4M,MINOR,Y,15,298.02,1348.5,729.9,0.8898
trunk_green_000493,train,trunk,green,GAP,0.536719,0.543056,0.014332,exact_2,0.0636,DEF0000027200,INS0001415932,GAP,TRUNK,P2W,CRITICAL,Y,60,108.81,1511.1,570.5,0.9575
trunk_green_000493,train,trunk,green,DST,0.462109,0.110417,0.002393,exact_2,0.0821,DEF0000071326,INS0002701228,DST,TRUNK,C5G,MINOR,N,10,63.08,875.7,68.0,0.8605
trunk_green_000585,train,trunk,green,SCR,0.890625,0.922917,0.004219,exact_2,0.0212,DEF0000112056,INS0000304626,SCR,TRUNK,P2W,MINOR,N,15,91.63,1925.1,795.9,0.9435
trunk_green_000591,train,trunk,green,PDR,0.155469,0.48125,0.001931,exact_2,0.0539,DEF0000006772,INS0002784768,PDR,TRUNK,P2W,MINOR,Y,25,64.16,167.8,682.3,0.8842
trunk_green_000663,train,trunk,green,DNT,0.864844,0.291667,0.015625,exact_2,0.0275,DEF0000118557,INS0001163145,DNT,TRUNK,B3L,MAJOR,Y,45,415.62,1827.5,217.5,0.9252
trunk_green_000663,train,trunk,green,SCR,0.827344,0.455556,0.007986,exact_2,0.0483,DEF0000039290,INS0000642074,SCR,TRUNK,B3L,MINOR,N,15,222.4,1793.2,362.5,0.8871
trunk_green_000663,train,trunk,green,SCR,0.573047,0.748611,0.016218,exact_2,0.0266,DEF0000124513,INS0000263296,SCR,TRUNK,SSS,MINOR,N,15,374.83,1234.8,603.0,0.9609
trunk_green_000692,train,trunk,green,SCR,0.527344,0.334028,0.003724,exact_2,0.0502,DEF0000083929,INS0000928663,SCR,TRUNK,W8Y,MINOR,N,15,81.01,1139.1,282.4,0.9555
trunk_green_000729,train,trunk,green,PBB,0.608594,0.207639,0.003464,exact_2,0.0298,DEF0000046282,INS0001807410,PBB,TRUNK,B3L,MINOR,N,30,105.03,1332.6,131.1,0.8531
trunk_navy_000025,train,trunk,navy,DNT,0.7375,0.845833,0.008403,exact_2,0.0599,DEF0000097443,INS0002593333,DNT,TRUNK,C5G,MAJOR,Y,45,231.81,1511.5,780.4,0.9518
trunk_navy_000025,train,trunk,navy,SCR,0.470313,0.79375,0.001881,exact_2,0.0261,DEF0000055249,INS0002287426,SCR,TRUNK,SSS,MINOR,N,15,8.31,954.8,658.6,0.9279
trunk_navy_000025,train,trunk,navy,ORG,0.342969,0.281944,0.008789,exact_2,0.051,DEF0000162737,INS0002117019,ORG,TRUNK,N5M,MINOR,N,20,148.75,854.8,227.6,0.9678
trunk_navy_000026,train,trunk,navy,DST,0.373047,0.71875,0.003272,exact_2,0.0232,DEF0000151112,INS0000090417,DST,TRUNK,P2W,MINOR,N,10,222.91,838.2,651.4,0.9859
trunk_navy_000089,train,trunk,navy,SCR,0.607422,0.247222,0.005276,exact_2,0.04,DEF0000112064,INS0002572303,SCR,TRUNK,P2W,MINOR,N,15,148.66,1248.5,202.0,0.861
trunk_navy_000098,train,trunk,navy,DNT,0.121875,0.522222,0.013611,exact_2,0.0646,DEF0000104505,INS0001554487,DNT,TRUNK,W8Y,MAJOR,Y,45,353.73,183.3,441.5,0.9645
trunk_navy_000430,train,trunk,navy,DNT,0.2625,0.779167,0.01615,exact_2,0.0615,DEF0000033842,INS0002831943,DNT,TRUNK,R4M,MAJOR,Y,45,447.1,483.4,679.8,0.987
trunk_navy_000520,train,trunk,navy,SCR,0.641797,0.670833,0.003047,exact_2,0.0373,DEF0000039538,INS0002801448,SCR,TRUNK,P2W,MINOR,N,15,43.67,1427.5,536.7,0.9455
trunk_pearl_white_000004,train,trunk,white,ORG,0.803125,0.654167,0.007296,exact_3,0.1626,DEF0000052395,INS0001195282,ORG,TRUNK,P2W,MINOR,N,20,77.14,1708.4,530.7,0.9503
trunk_pearl_white_000021,train,trunk,white,DST,0.420312,0.200694,0.002146,exact_3,0.1873,DEF0000004519,INS0002730210,DST,TRUNK,P2W,MINOR,N,10,40.05,649.0,189.4,0.9667
trunk_pearl_white_000021,train,trunk,white,ORG,0.745313,0.604167,0.012192,exact_3,0.073,DEF0000049806,INS0002498458,ORG,TRUNK,P2W,MINOR,Y,20,292.62,1646.2,595.5,0.9817
trunk_pearl_white_000049,train,trunk,white,SCR,0.133594,0.207639,0.011621,exact_3,0.0931,DEF0000013023,INS0000083991,SCR,TRUNK,P2W,MINOR,N,15,334.21,291.4,139.4,0.9126
trunk_pearl_white_000403,train,trunk,white,ORG,0.085938,0.511111,0.012192,exact_3,0.0912,DEF0000015971,INS0002273347,ORG,TRUNK,P2W,MINOR,Y,20,261.36,177.3,435.8,0.9803
trunk_pearl_white_000561,train,trunk,white,DNT,0.507031,0.345833,0.004727,exact_3,0.0494,DEF0000004300,INS0000360020,DNT,TRUNK,P2W,MAJOR,Y,45,82.27,1105.1,285.4,0.9549
trunk_pearl_white_000653,train,trunk,white,ORG,0.190625,0.415278,0.01,exact_3,0.1821,DEF0000045846,INS0000546114,ORG,TRUNK,P2W,MINOR,N,20,196.54,180.6,385.1,0.8579
trunk_pearl_white_000740,train,trunk,white,PBB,0.219141,0.790278,0.002984,exact_3,0.0641,DEF0000076853,INS0000908278,PBB,TRUNK,P2W,MINOR,Y,30,89.05,481.6,678.4,0.9585
trunk_pearl_white_000768,train,trunk,white,SCR,0.621484,0.297917,0.011012,exact_3,0.0292,DEF0000125645,INS0002132972,SCR,TRUNK,P2W,MINOR,N,15,287.68,1384.5,277.3,0.9039
trunk_pearl_white_000768,train,trunk,white,DST,0.152344,0.876389,0.003516,exact_3,0.1443,DEF0000064203,INS0000875908,DST,TRUNK,P2W,MINOR,N,10,268.69,271.2,678.9,0.8591
trunk_red_000078,train,trunk,red,SCR,0.801172,0.572917,0.019973,exact_3,0.0961,DEF0000125067,INS0001564353,SCR,TRUNK,R4M,MINOR,N,15,441.85,1722.9,424.1,0.9637
trunk_red_000359,train,trunk,red,DST,0.541406,0.75625,0.003581,exact_3,0.1023,DEF0000060618,INS0002170377,DST,TRUNK,R4M,MINOR,N,10,278.05,1164.5,628.1,0.8738
trunk_red_000369,train,trunk,red,DNT,0.753906,0.345833,0.010421,exact_3,0.0964,DEF0000087147,INS0001450970,DNT,TRUNK,R4M,MAJOR,Y,45,295.19,1625.3,202.1,0.9389
trunk_red_000369,train,trunk,red,GAP,0.502734,0.597917,0.028325,exact_3,0.1279,DEF0000034441,INS0001839311,GAP,TRUNK,R4M,CRITICAL,Y,60,315.15,947.1,772.9,0.8988
trunk_red_000374,train,trunk,red,SCR,0.588672,0.89375,0.003237,exact_3,0.1525,DEF0000107892,INS0001460707,SCR,TRUNK,R4M,MINOR,Y,15,35.08,1447.5,671.1,0.9483
trunk_red_000397,train,trunk,red,DST,0.502344,0.868056,0.004583,exact_3,0.4762,DEF0000108504,INS0000211640,DST,TRUNK,R4M,MINOR,N,10,482.91,222.2,696.9,0.9639
trunk_red_000397,train,trunk,red,PBB,0.463281,0.545139,0.002135,exact_3,0.0275,DEF0000011160,INS0002417985,PBB,TRUNK,R4M,MINOR,N,30,32.65,792.0,464.4,0.9841
trunk_red_000704,train,trunk,red,DST,0.750781,0.715278,0.003646,exact_3,0.1033,DEF0000052194,INS0001438431,DST,TRUNK,R4M,MINOR,N,10,376.99,1491.5,706.3,0.889
trunk_silver_000014,train,trunk,silver,DNT,0.164844,0.204167,0.015109,exact_3,0.0304,DEF0000057586,INS0001177996,DNT,TRUNK,SWP,MAJOR,Y,45,404.51,345.4,152.0,0.8768
trunk_silver_000014,train,trunk,silver,SCR,0.899219,0.202778,0.019184,exact_3,0.1086,DEF0000128287,INS0001844710,SCR,TRUNK,SWP,MINOR,N,15,432.77,1827.9,103.8,0.8542
trunk_silver_000014,train,trunk,silver,CRK,0.476953,0.358333,0.018681,exact_3,0.1459,DEF0000026319,INS0001918639,CRK,TRUNK,SWP,CRITICAL,Y,90,301.29,753.9,156.5,0.9133
trunk_silver_000027,train,trunk,silver,SCR,0.466797,0.836111,0.003744,exact_3,0.0734,DEF0000117610,INS0001108096,SCR,TRUNK,SWP,MINOR,Y,15,26.19,972.0,714.2,0.9109
trunk_silver_000027,train,trunk,silver,GAP,0.487891,0.25625,0.030088,exact_3,0.1992,DEF0000079837,INS0000675806,GAP,TRUNK,SWP,CRITICAL,Y,60,345.29,973.4,91.5,0.9295
trunk_silver_000027,train,trunk,silver,DST,0.417969,0.428472,0.004097,exact_3,0.0769,DEF0000134715,INS0000768163,DST,TRUNK,SWP,MINOR,N,10,423.21,775.7,368.4,0.9421
trunk_silver_000030,train,trunk,silver,PDR,0.795312,0.402083,0.003288,exact_3,0.1149,DEF0000125978,INS0000482646,PDR,TRUNK,SWP,MINOR,Y,25,359.72,1657.0,563.7,0.9899
trunk_silver_000063,train,trunk,silver,SCR,0.60625,0.252778,0.004583,exact_3,0.0459,DEF0000016857,INS0002985991,SCR,TRUNK,SWP,MINOR,N,15,88.96,1355.3,232.5,0.9302
trunk_silver_000162,train,trunk,silver,PBB,0.605859,0.831944,0.004679,exact_3,0.1324,DEF0000073005,INS0000206215,PBB,TRUNK,SWP,MINOR,Y,30,321.92,1214.4,726.8,0.9512
trunk_silver_000232,train,trunk,silver,CRK,0.361719,0.777083,0.012198,exact_3,0.0862,DEF0000117857,INS0002404474,CRK,TRUNK,SWP,CRITICAL,Y,90,171.34,568.6,722.6,0.9342
trunk_silver_000299,train,trunk,silver,PBB,0.636328,0.552083,0.005016,exact_3,0.0624,DEF0000141902,INS0002678045,PBB,TRUNK,SWP,MINOR,N,30,296.72,1402.3,499.4,0.9407
trunk_silver_000299,train,trunk,silver,SCR,0.630078,0.1625,0.014653,exact_3,0.0821,DEF0000126104,INS0001965653,SCR,TRUNK,SWP,MINOR,Y,15,361.11,1496.3,103.3,0.8594
trunk_silver_000316,train,trunk,silver,DNT,0.088281,0.448611,0.009184,exact_3,0.0883,DEF0000170707,INS0001377235,DNT,TRUNK,SWP,MAJOR,Y,45,246.47,191.7,307.0,0.9135
trunk_silver_000316,train,trunk,silver,PBB,0.55,0.302083,0.003711,exact_3,0.0195,DEF0000113289,INS0002316264,PBB,TRUNK,SWP,MINOR,N,30,125.38,1098.4,214.4,0.9335
trunk_silver_000531,train,trunk,silver,CRK,0.342969,0.243056,0.010313,exact_3,0.0612,DEF0000073749,INS0000336709,CRK,TRUNK,SWP,CRITICAL,Y,90,103.13,372.0,156.2,0.9734
trunk_silver_000595,train,trunk,silver,PBB,0.920312,0.161111,0.004288,exact_3,0.0337,DEF0000007019,INS0000174148,PBB,TRUNK,SWP,MINOR,N,30,217.47,1979.2,59.8,0.9472
trunk_white_000126,train,trunk,white,ORG,0.272656,0.448611,0.008789,exact_3,0.1061,DEF0000102144,INS0000741195,ORG,TRUNK,P2W,MINOR,N,20,145.9,718.1,441.1,0.94
trunk_white_000185,train,trunk,white,DST,0.351953,0.244444,0.003329,exact_3,0.1103,DEF0000052813,INS0000061703,DST,TRUNK,P2W,MINOR,N,10,179.68,842.0,105.0,0.9488
trunk_white_000381,train,trunk,white,GAP,0.526172,0.663194,0.027127,exact_3,0.1402,DEF0000163876,INS0000055857,GAP,TRUNK,P2W,CRITICAL,Y,60,379.52,1404.8,687.2,0.9064
trunk_white_000470,train,trunk,white,DNT,0.544531,0.777778,0.004727,exact_3,0.1015,DEF0000096529,INS0001722022,DNT,TRUNK,P2W,MAJOR,Y,45,79.54,1298.4,780.2,0.8639
trunk_white_000610,train,trunk,white,GAP,0.492969,0.5875,0.026614,exact_3,0.0872,DEF0000074906,INS0001083546,GAP,TRUNK,P2W,CRITICAL,Y,60,325.62,799.1,657.3,0.8799
trunk_white_000610,train,trunk,white,DST,0.072266,0.784028,0.002243,exact_3,0.084,DEF0000137683,INS0002645394,DST,TRUNK,P2W,MINOR,N,10,55.24,138.5,661.8,0.8871
trunk_white_000614,train,trunk,white,PDR,0.339844,0.470833,0.003229,exact_3,0.0867,DEF0000144453,INS0000091708,PDR,TRUNK,P2W,MINOR,Y,25,296.56,579.7,699.7,0.9377
trunk_white_000620,train,trunk,white,SCR,0.658203,0.74375,0.019335,exact_3,0.0372,DEF0000076030,INS0001681419,SCR,TRUNK,P2W,MINOR,N,15,407.04,1455.4,632.8,0.867
trunk_white_000620,train,trunk,white,SCR,0.651563,0.216667,0.003819,exact_3,0.0894,DEF0000106934,INS0001354205,SCR,TRUNK,P2W,MINOR,Y,15,102.88,1371.4,136.3,0.9563
trunk_white_000620,train,trunk,white,DNT,0.610156,0.686111,0.003906,exact_3,0.0891,DEF0000084988,INS0000507205,DNT,TRUNK,P2W,MAJOR,Y,45,7.69,1483.6,608.1,0.9878
trunk_white_000631,train,trunk,white,DST,0.161719,0.117361,0.002446,exact_3,0.1241,DEF0000120898,INS0002487561,DST,TRUNK,P2W,MINOR,Y,10,53.02,411.2,150.6,0.9166
trunk_white_000796,train,trunk,white,GAP,0.263672,0.500694,0.014899,exact_3,0.1791,DEF0000089992,INS0000025761,GAP,TRUNK,P2W,CRITICAL,Y,60,123.89,374.5,509.9,0.9031
bumper_black_000889,val,bumper,black,DNT,0.382031,0.815278,0.010421,exact_3,0.0542,DEF0000025471,INS0000191171,DNT,BUMPER_F,B3L,MAJOR,Y,45,297.05,899.6,766.0,0.9126
bumper_black_000995,val,bumper,black,SCR,0.65,0.571528,0.004479,exact_3,0.0762,DEF0000038324,INS0000457831,SCR,BUMPER_R,B3L,MINOR,Y,15,113.28,1297.3,505.8,0.88
bumper_black_000995,val,bumper,black,GAP,0.491797,0.740278,0.031569,exact_3,0.089,DEF0000147119,INS0000148486,GAP,BUMPER_F,B3L,CRITICAL,Y,60,401.78,950.8,783.8,0.9708
bumper_blue_000880,val,bumper,blue,DST,0.898828,0.355556,0.002127,exact_3,0.0787,DEF0000170368,INS0000009021,DST,BUMPER_R,ABP,MINOR,N,10,19.95,1832.0,249.8,0.9829
bumper_blue_000941,val,bumper,blue,DST,0.617188,0.239583,0.002734,exact_3,0.0948,DEF0000043552,INS0001345947,DST,BUMPER_R,ABP,MINOR,Y,10,130.9,1379.8,122.6,0.9738
bumper_blue_000941,val,bumper,blue,DST,0.240625,0.370833,0.003498,exact_3,0.097,DEF0000052537,INS0002471171,DST,BUMPER_R,ABP,MINOR,N,10,319.95,511.3,301.1,0.9096
bumper_blue_000950,val,bumper,blue,SCR,0.757031,0.671528,0.002396,exact_3,0.0859,DEF0000052742,INS0002240638,SCR,BUMPER_R,ABP,MINOR,N,15,43.82,1579.8,513.1,0.9737
bumper_blue_000991,val,bumper,blue,SCR,0.735938,0.333333,0.006593,exact_3,0.0612,DEF0000019214,INS0001221134,SCR,BUMPER_R,ABP,MINOR,N,15,185.94,1621.9,333.4,0.9308
bumper_bronze_000810,val,bumper,bronze,CRK,0.906641,0.188889,0.01365,exact_2,0.0573,DEF0000080919,INS0002903142,CRK,BUMPER_F,B3L,CRITICAL,Y,90,168.51,1829.7,82.1,0.8911
bumper_bronze_000810,val,bumper,bronze,DNT,0.623437,0.641667,0.007656,exact_2,0.031,DEF0000155815,INS0002257288,DNT,BUMPER_R,YW6,MAJOR,Y,45,185.03,1378.7,513.1,0.9015
bumper_gray_000829,val,bumper,gray,DST,0.309766,0.815972,0.002783,exact_3,0.1034,DEF0000168621,INS0001342438,DST,BUMPER_F,YW6,MINOR,N,10,110.76,911.3,716.7,0.987
bumper_gray_000896,val,bumper,gray,DNT,0.221875,0.283333,0.004444,exact_3,0.0702,DEF0000118148,INS0000507096,DNT,BUMPER_F,YW6,MAJOR,Y,45,58.62,392.5,255.8,0.8872
bumper_gray_000921,val,bumper,gray,SCR,0.746875,0.279861,0.009766,exact_3,0.0196,DEF0000047250,INS0002570298,SCR,BUMPER_F,YW6,MINOR,N,15,257.03,1602.3,251.6,0.8844
bumper_green_000822,val,bumper,green,GAP,0.376563,0.482639,0.014141,exact_2,0.0623,DEF0000169261,INS0000129219,GAP,BUMPER_F,R4M,CRITICAL,Y,60,88.94,258.4,359.2,0.8682
bumper_green_000822,val,bumper,green,SCR,0.898438,0.761806,0.015877,exact_2,0.0488,DEF0000049914,INS0002700871,SCR,BUMPER_F,C5G,MINOR,N,15,395.94,1984.6,646.5,0.8899
bumper_green_000970,val,bumper,green,DNT,0.9,0.481944,0.004171,exact_2,0.046,DEF0000002857,INS0002310852,DNT,BUMPER_R,W8Y,MAJOR,Y,45,48.42,1965.8,388.4,0.9331
bumper_pearl_white_000853,val,bumper,white,ORG,0.726562,0.305556,0.005942,exact_3,0.1097,DEF0000081376,INS0002598539,ORG,BUMPER_F,P2W,MINOR,N,20,42.0,1477.5,169.5,0.9771
bumper_pearl_white_000853,val,bumper,white,SCR,0.595703,0.460417,0.012258,exact_3,0.0372,DEF0000063508,INS0001561358,SCR,BUMPER_R,P2W,MINOR,N,15,297.54,1259.1,422.2,0.9101
bumper_pearl_white_000853,val,bumper,white,DST,0.814453,0.408333,0.004375,exact_3,0.0706,DEF0000034288,INS0000888083,DST,BUMPER_F,P2W,MINOR,N,10,457.89,1833.4,330.8,0.9362
bumper_pearl_white_000953,val,bumper,white,ORG,0.864062,0.509722,0.009184,exact_3,0.0756,DEF0000117332,INS0002449306,ORG,BUMPER_F,P2W,MINOR,N,20,203.27,1780.1,409.4,0.8893
bumper_pearl_white_000953,val,bumper,white,ORG,0.514844,0.7625,0.009184,exact_3,0.0928,DEF0000113443,INS0001854300,ORG,BUMPER_R,P2W,MINOR,N,20,214.82,1134.0,665.5,0.9317
bumper_pearl_white_000953,val,bumper,white,SCR,0.420312,0.173611,0.01628,exact_3,0.0718,DEF0000058332,INS0001955050,SCR,BUMPER_R,P2W,MINOR,Y,15,383.56,876.2,77.4,0.9777
bumper_red_000857,val,bumper,red,SCR,0.321094,0.320833,0.012891,exact_3,0.0559,DEF0000144444,INS0000934564,SCR,BUMPER_F,R4M,MINOR,N,15,303.62,575.1,314.8,0.9229
bumper_red_000857,val,bumper,red,DST,0.354297,0.461111,0.004375,exact_3,0.0451,DEF0000027764,INS0001233409,DST,BUMPER_F,R4M,MINOR,N,10,483.82,720.9,406.6,0.924
bumper_red_000857,val,bumper,red,SCR,0.292187,0.195139,0.024032,exact_3,0.0414,DEF0000138373,INS0002349542,SCR,BUMPER_F,R4M,MINOR,N,15,475.53,491.3,171.2,0.8778
bumper_red_000898,val,bumper,red,PBB,0.088281,0.708333,0.005694,exact_3,0.1791,DEF0000025979,INS0000766690,PBB,BUMPER_R,R4M,MINOR,N,30,382.32,283.8,772.1,0.9311
bumper_silver_000827,val,bumper,silver,SCR,0.356641,0.919444,0.027305,exact_3,0.0468,DEF0000144644,INS0001380291,SCR,BUMPER_R,SWP,MINOR,N,15,497.87,555.9,782.0,0.9421
bumper_silver_000854,val,bumper,silver,SCR,0.683594,0.839583,0.004844,exact_3,0.0313,DEF0000051143,INS0002270696,SCR,BUMPER_F,SWP,MINOR,Y,15,122.2,1428.9,713.5,0.858
bumper_silver_000945,val,bumper,silver,PBB,0.399219,0.491667,0.00237,exact_3,0.0747,DEF0000124392,INS0001180561,PBB,BUMPER_R,SWP,MINOR,N,30,18.51,643.7,379.6,0.8615
bumper_silver_000945,val,bumper,silver,DNT,0.464062,0.416667,0.010851,exact_3,0.0807,DEF0000146630,INS0002781500,DNT,BUMPER_R,SWP,MAJOR,Y,45,295.87,1058.3,280.3,0.8548
bumper_white_000808,val,bumper,white,GAP,0.747266,0.486111,0.012029,exact_3,0.1118,DEF0000055595,INS0001851199,GAP,BUMPER_R,P2W,CRITICAL,Y,60,18.62,1830.1,333.1,0.9352
bumper_white_000811,val,bumper,white,DNT,0.503906,0.327778,0.012656,exact_3,0.0196,DEF0000027718,INS0000152419,DNT,BUMPER_R,P2W,MAJOR,Y,45,365.22,1116.4,243.9,0.8833
bumper_white_000968,val,bumper,white,PBB,0.464453,0.247917,0.003669,exact_3,0.085,DEF0000146024,INS0000287199,PBB,BUMPER_F,P2W,MINOR,N,30,153.36,858.5,90.4,0.8563
bumper_white_000968,val,bumper,white,PBB,0.744922,0.352083,0.005264,exact_3,0.1105,DEF0000055718,INS0001959736,PBB,BUMPER_R,P2W,MINOR,N,30,308.49,1775.4,267.2,0.9555
fender_black_000807,val,fender,black,PDR,0.35625,0.188889,0.001992,exact_3,0.0477,DEF0000060412,INS0001734032,PDR,FF,B3L,MINOR,Y,25,131.63,701.0,81.9,0.9197
fender_black_000807,val,fender,black,PBB,0.248438,0.490972,0.005046,exact_3,0.0334,DEF0000096242,INS0002005949,PBB,RF,B3L,MINOR,N,30,310.54,559.0,387.0,0.8927
fender_black_000984,val,fender,black,SCR,0.853516,0.518056,0.018021,exact_3,0.0555,DEF0000069226,INS0002395714,SCR,RF,B3L,MINOR,N,15,375.72,1894.5,451.0,0.9233
fender_blue_000831,val,fender,blue,DST,0.789453,0.554861,0.003773,exact_3,0.1023,DEF0000094364,INS0002343422,DST,RF,ABP,MINOR,N,10,386.18,1551.3,429.9,0.9458
fender_blue_000938,val,fender,blue,PDR,0.457031,0.218056,0.001719,exact_3,0.1036,DEF0000030634,INS0001502900,PDR,FF,ABP,MINOR,N,25,21.33,811.6,186.7,0.8929
fender_blue_000938,val,fender,blue,DNT,0.244531,0.798611,0.012656,exact_3,0.0408,DEF0000022651,INS0000623269,DNT,FF,ABP,MAJOR,Y,45,368.82,473.6,714.5,0.8776
fender_blue_000997,val,fender,blue,SCR,0.525,0.7875,0.004271,exact_3,0.0728,DEF0000158039,INS0001945788,SCR,FF,ABP,MINOR,N,15,70.33,1091.5,602.9,0.9124
fender_blue_000997,val,fender,blue,DNT,0.659375,0.179167,0.008789,exact_3,0.0529,DEF0000096094,INS0002165276,DNT,RF,ABP,MAJOR,Y,45,228.54,1501.3,122.5,0.9204
fender_blue_000997,val,fender,blue,SCR,0.730859,0.897222,0.013277,exact_3,0.0372,DEF0000011171,INS0002384278,SCR,RF,ABP,MINOR,N,15,328.06,1481.4,753.9,0.8652
fender_bronze_000835,val,fender,bronze,DST,0.135547,0.730556,0.004102,exact_2,0.0817,DEF0000093748,INS0001136162,DST,RF,V5P,MINOR,Y,10,427.02,315.6,715.3,0.978
fender_bronze_000840,val,fender,bronze,GAP,0.519141,0.739583,0.027527,exact_2,0.0266,DEF0000169465,INS0002162843,GAP,RF,V5P,CRITICAL,Y,60,323.79,1277.4,794.8,0.9766
fender_bronze_000840,val,fender,bronze,PBB,0.516406,0.170833,0.003273,exact_2,0.0446,DEF0000063483,INS0002398899,PBB,RF,ABP,MINOR,N,30,81.42,1051.1,104.5,0.9527
fender_bronze_000866,val,fender,bronze,DST,0.889453,0.8625,0.002986,exact_2,0.0536,DEF0000082758,INS0001934790,DST,RF,TW3,MINOR,N,10,147.96,1826.6,757.6,0.85
fender_bronze_000866,val,fender,bronze,CRK,0.9125,0.629167,0.022361,exact_2,0.0652,DEF0000142415,INS0001423474,CRK,RF,B3L,CRITICAL,Y,90,416.79,1863.2,547.0,0.8734
fender_bronze_000977,val,fender,bronze,DNT,0.375781,0.222222,0.006601,exact_2,0.0489,DEF0000039337,INS0000845450,DNT,FF,YW6,MAJOR,Y,45,133.65,856.8,136.1,0.9779
fender_gray_000834,val,fender,gray,DNT,0.910937,0.366667,0.01,exact_3,0.0814,DEF0000169403,INS0002570089,DNT,RF,YW6,MAJOR,Y,45,277.29,1846.0,319.1,0.9653
fender_gray_000871,val,fender,gray,SCR,0.608594,0.302778,0.003854,exact_3,0.0511,DEF0000103477,INS0002656011,SCR,FF,YW6,MINOR,N,15,72.87,1288.1,232.8,0.8905
fender_gray_000912,val,fender,gray,SCR,0.197656,0.502083,0.02322,exact_3,0.0518,DEF0000147802,INS0002650276,SCR,RF,YW6,MINOR,N,15,448.27,370.6,417.8,0.8992
fender_gray_000912,val,fender,gray,PDR,0.786719,0.207639,0.001823,exact_3,0.1085,DEF0000080772,INS0002807013,PDR,RF,YW6,MINOR,Y,25,99.24,1796.9,156.8,0.9647
fender_gray_000912,val,fender,gray,SCR,0.655469,0.490278,0.01332,exact_3,0.0687,DEF0000089007,INS0002143674,SCR,FF,YW6,MINOR,Y,15,302.08,1366.5,438.3,0.9465
fender_green_000836,val,fender,green,PDR,0.791406,0.511806,0.003568,exact_2,0.0331,DEF0000000611,INS0002614183,PDR,RF,YW6,MINOR,N,25,378.78,1677.0,733.6,0.9265
fender_green_000958,val,fender,green,SCR,0.832812,0.930556,0.003615,exact_2,0.0317,DEF0000055269,INS0002397770,SCR,FF,YW6,MINOR,N,15,48.55,1748.7,787.6,0.9527
fender_green_000958,val,fender,green,DNT,0.664844,0.213889,0.01,exact_2,0.0532,DEF0000115306,INS0000881056,DNT,RF,C5G,MAJOR,Y,45,254.93,1458.1,109.7,0.882
fender_green_000958,val,fender,green,GAP,0.501172,0.350694,0.034248,exact_2,0.0651,DEF0000041946,INS0001520552,GAP,RF,SWP,CRITICAL,Y,60,492.71,1071.6,158.5,0.8959
fender_navy_000903,val,fender,navy,DNT,0.376563,0.206944,0.006601,exact_2,0.0413,DEF0000039337,INS0000845450,DNT,FF,YW6,MAJOR,Y,45,133.65,856.8,136.1,0.9779
fender_pearl_white_000801,val,fender,white,PBB,0.754297,0.278472,0.004762,exact_3,0.1085,DEF0000066010,INS0000885029,PBB,RF,P2W,MINOR,Y,30,326.9,1635.2,135.8,0.8903
fender_pearl_white_000935,val,fender,white,SCR,0.298828,0.102083,0.014252,exact_3,0.0768,DEF0000064737,INS0000800032,SCR,FF,P2W,MINOR,Y,15,354.09,491.0,137.0,0.9425
fender_pearl_white_000971,val,fender,white,DNT,0.182031,0.327778,0.006944,exact_3,0.0692,DEF0000163231,INS0002714764,DNT,RF,P2W,MAJOR,Y,45,138.08,293.3,285.9,0.9446
fender_pearl_white_000971,val,fender,white,DNT,0.783594,0.143056,0.016684,exact_3,0.1141,DEF0000006305,INS0000813004,DNT,RF,P2W,MAJOR,Y,45,490.3,1660.9,127.6,0.98
fender_red_000919,val,fender,red,PBB,0.630469,0.690278,0.005903,exact_3,0.1261,DEF0000164215,INS0000072743,PBB,FF,R4M,MINOR,N,30,476.91,1474.6,612.7,0.9519
fender_red_000919,val,fender,red,DNT,0.367188,0.35,0.01,exact_3,0.0729,DEF0000001726,INS0002720659,DNT,RF,R4M,MAJOR,Y,45,292.01,665.0,305.8,0.9682
fender_red_000955,val,fender,red,GAP,0.520703,0.46875,0.028727,exact_3,0.0625,DEF0000092126,INS0000921017,GAP,FF,R4M,CRITICAL,Y,60,375.05,1308.5,300.5,0.8834
fender_white_000846,val,fender,white,PBB,0.071094,0.279861,0.005046,exact_3,0.1174,DEF0000160684,INS0002456336,PBB,FF,P2W,MINOR,Y,30,340.24,146.8,92.0,0.9033
fender_white_000967,val,fender,white,DNT,0.404687,0.859722,0.017226,exact_3,0.0785,DEF0000023931,INS0002955824,DNT,FF,P2W,MAJOR,Y,45,473.45,787.6,791.2,0.942
fender_white_000967,val,fender,white,DNT,0.261719,0.736111,0.005017,exact_3,0.0678,DEF0000091406,INS0000452067,DNT,FF,P2W,MAJOR,Y,45,72.89,636.0,696.6,0.8713
front_door_blue_000855,val,front_door,blue,PBB,0.487891,0.588194,0.004083,exact_3,0.1173,DEF0000007716,INS0001542610,PBB,FD,ABP,MINOR,N,30,131.86,732.1,524.7,0.9348
front_door_blue_000994,val,front_door,blue,SCR,0.386719,0.484722,0.017144,exact_3,0.047,DEF0000102501,INS0002552112,SCR,FD,ABP,MINOR,N,15,383.47,643.4,406.1,0.9233
front_door_gray_000929,val,front_door,gray,GAP,0.264453,0.461111,0.015137,exact_3,0.1842,DEF0000159101,INS0001724493,GAP,FD,YW6,CRITICAL,Y,60,106.71,331.5,187.2,0.9114
front_door_green_000993,val,front_door,green,ORG,0.15,0.463889,0.008025,exact_2,0.0498,DEF0000097370,INS0001859550,ORG,FD,B3L,MINOR,Y,20,144.26,354.5,362.4,0.8897
front_door_green_000993,val,front_door,green,SCR,0.814453,0.848611,0.004329,exact_2,0.0766,DEF0000101492,INS0002946071,SCR,FD,SWP,MINOR,N,15,78.2,1705.8,666.5,0.8734
front_door_navy_000818,val,front_door,navy,ORG,0.302344,0.184722,0.014601,exact_2,0.0518,DEF0000103604,INS0000589228,ORG,FD,ABP,MINOR,N,20,389.93,786.9,96.0,0.9626
front_door_navy_000818,val,front_door,navy,DST,0.247266,0.730556,0.002875,exact_2,0.1016,DEF0000088595,INS0001407127,DST,FD,ABP,MINOR,N,10,70.49,470.4,649.2,0.9708
front_door_navy_000843,val,front_door,navy,DNT,0.788281,0.341667,0.017226,exact_2,0.053,DEF0000066893,INS0001459355,DNT,FD,ABP,MAJOR,Y,45,457.34,1666.9,241.2,0.8951
front_door_navy_000843,val,front_door,navy,DNT,0.402344,0.345833,0.006944,exact_2,0.0517,DEF0000047750,INS0002967679,DNT,FD,ABP,MAJOR,Y,45,152.43,880.6,310.2,0.8844
front_door_navy_000895,val,front_door,navy,ORG,0.2375,0.208333,0.013611,exact_2,0.0921,DEF0000052659,INS0001261970,ORG,FD,SSS,MINOR,N,20,347.76,411.5,106.9,0.9515
front_door_pearl_white_000883,val,front_door,white,DST,0.595313,0.152778,0.00365,exact_3,0.0991,DEF0000000610,INS0001565937,DST,FD,P2W,MINOR,Y,10,391.56,1149.0,59.7,0.9718
front_door_pearl_white_000927,val,front_door,white,PBB,0.296094,0.585417,0.004091,exact_3,0.1416,DEF0000058006,INS0001002759,PBB,FD,P2W,MINOR,Y,30,236.06,556.1,566.7,0.8708
front_door_pearl_white_000927,val,front_door,white,PDR,0.442969,0.422917,0.003724,exact_3,0.075,DEF0000057427,INS0000405591,PDR,FD,P2W,MINOR,Y,25,372.69,927.5,512.0,0.9178
front_door_pearl_white_000927,val,front_door,white,PBB,0.730859,0.474306,0.002369,exact_3,0.1187,DEF0000038605,INS0001666889,PBB,FD,P2W,MINOR,N,30,81.62,1623.8,380.7,0.8633
front_door_pearl_white_000961,val,front_door,white,PBB,0.557031,0.604167,0.002604,exact_3,0.0773,DEF0000096413,INS0002043498,PBB,FD,P2W,MINOR,N,30,25.83,1174.0,492.8,0.8616
front_door_pearl_white_000961,val,front_door,white,SCR,0.576953,0.125,0.005558,exact_3,0.085,DEF0000148022,INS0001607913,SCR,FD,P2W,MINOR,N,15,160.32,1118.1,149.6,0.8533
front_door_red_000974,val,front_door,red,SCR,0.321094,0.266667,0.009115,exact_3,0.0881,DEF0000139991,INS0000814555,SCR,FD,R4M,MINOR,N,15,276.8,575.7,286.3,0.8509
front_door_red_000974,val,front_door,red,GAP,0.266016,0.527083,0.016612,exact_3,0.4426,DEF0000132766,INS0001149162,GAP,FD,R4M,CRITICAL,Y,60,291.66,493.0,244.0,0.859
front_door_silver_000845,val,front_door,silver,SCR,0.171094,0.391667,0.005286,exact_3,0.0656,DEF0000006780,INS0000838896,SCR,FD,SWP,MINOR,N,15,137.66,275.8,282.6,0.9008
front_door_silver_000932,val,front_door,silver,SCR,0.464844,0.334722,0.015104,exact_3,0.0731,DEF0000087752,INS0002157020,SCR,FD,SWP,MINOR,Y,15,336.19,905.2,328.2,0.9842
front_door_silver_000981,val,front_door,silver,ORG,0.678125,0.647222,0.007296,exact_3,0.0576,DEF0000026055,INS0000744898,ORG,FD,SWP,MINOR,Y,20,75.39,1430.7,630.0,0.9204
front_door_silver_000981,val,front_door,silver,PBB,0.766797,0.521528,0.006943,exact_3,0.0197,DEF0000068867,INS0000031984,PBB,FD,SWP,MINOR,N,30,494.14,1647.1,417.7,0.8847
hood_black_000864,val,hood,black,PBB,0.612109,0.110417,0.004357,exact_3,0.1291,DEF0000088999,INS0001142733,PBB,HOOD,B3L,MINOR,N,30,258.46,1486.0,135.7,0.9315
hood_black_000913,val,hood,black,SCR,0.831641,0.074306,0.00458,exact_3,0.0375,DEF0000090864,INS0002878674,SCR,HOOD,B3L,MINOR,N,15,105.45,1722.3,74.7,0.8776
hood_black_000913,val,hood,black,SCR,0.755859,0.704167,0.005573,exact_3,0.0926,DEF0000131443,INS0000921554,SCR,HOOD,B3L,MINOR,N,15,128.4,1503.3,627.1,0.9449
hood_black_000913,val,hood,black,PDR,0.140625,0.15,0.003451,exact_3,0.0889,DEF0000141645,INS0001089579,PDR,HOOD,B3L,MINOR,N,25,342.97,116.6,100.3,0.9352
hood_black_000985,val,hood,black,DNT,0.430469,0.709722,0.014102,exact_3,0.0975,DEF0000033900,INS0001727980,DNT,HOOD,B3L,MAJOR,Y,45,416.49,876.6,666.2,0.9718
hood_black_000985,val,hood,black,DST,0.462891,0.836111,0.003574,exact_3,0.0448,DEF0000005464,INS0002757227,DST,HOOD,B3L,MINOR,N,10,294.25,1007.4,703.6,0.9554
hood_bronze_000885,val,hood,bronze,PDR,0.165625,0.365278,0.002917,exact_2,0.0777,DEF0000058511,INS0001199129,PDR,HOOD,ABP,MINOR,N,25,280.61,374.9,370.6,0.9262
hood_gray_000906,val,hood,gray,SCR,0.573438,0.638889,0.014453,exact_3,0.1415,DEF0000130517,INS0000304231,SCR,HOOD,YW6,MINOR,Y,15,332.87,1466.7,517.0,0.8865
hood_gray_000906,val,hood,gray,GAP,0.716406,0.535417,0.014868,exact_3,0.143,DEF0000033419,INS0000629375,GAP,HOOD,YW6,CRITICAL,Y,60,127.43,1682.6,536.3,0.8713
hood_gray_000906,val,hood,gray,DNT,0.684375,0.425,0.008403,exact_3,0.1323,DEF0000160664,INS0000928443,DNT,HOOD,YW6,MAJOR,Y,45,188.15,1271.1,306.3,0.9267
hood_gray_000978,val,hood,gray,SCR,0.576172,0.58125,0.021479,exact_3,0.0962,DEF0000102920,INS0002696064,SCR,HOOD,YW6,MINOR,N,15,455.18,1134.1,437.0,0.9828
hood_green_000915,val,hood,green,DNT,0.767188,0.627778,0.012192,exact_2,0.0389,DEF0000008202,INS0002910650,DNT,HOOD,YW6,MAJOR,Y,45,357.46,1665.4,496.7,0.9335
hood_green_000915,val,hood,green,DST,0.593359,0.634028,0.004161,exact_2,0.0622,DEF0000030767,INS0002106330,DST,HOOD,B3L,MINOR,Y,10,453.46,1271.9,524.2,0.9094
hood_navy_000849,val,hood,navy,DNT,0.430469,0.188889,0.008025,exact_2,0.0507,DEF0000096140,INS0002777727,DNT,HOOD,C5G,MAJOR,Y,45,192.29,915.5,123.3,0.8579
hood_navy_000934,val,hood,navy,GAP,0.670703,0.536111,0.015462,exact_2,0.0678,DEF0000143752,INS0001166979,GAP,HOOD,P2W,CRITICAL,Y,60,184.19,1727.1,574.7,0.8898
hood_pearl_white_000814,val,hood,white,DNT,0.246094,0.623611,0.008403,exact_3,0.1343,DEF0000097164,INS0002420713,DNT,HOOD,P2W,MAJOR,Y,45,271.98,474.1,475.0,0.9211
hood_pearl_white_000814,val,hood,white,DNT,0.526563,0.420833,0.015625,exact_3,0.0647,DEF0000098596,INS0001300839,DNT,HOOD,P2W,MAJOR,Y,45,441.22,1061.6,354.6,0.8837
hood_pearl_white_000859,val,hood,white,DNT,0.135156,0.606944,0.009588,exact_3,0.0816,DEF0000145112,INS0002873784,DNT,HOOD,P2W,MAJOR,Y,45,228.19,167.4,523.5,0.9544
hood_pearl_white_000859,val,hood,white,SCR,0.395703,0.6125,0.013908,exact_3,0.0853,DEF0000129579,INS0001321290,SCR,HOOD,P2W,MINOR,Y,15,367.69,671.1,547.9,0.8962
hood_pearl_white_000862,val,hood,white,SCR,0.175391,0.890972,0.002957,exact_3,0.0661,DEF0000132459,INS0002140831,SCR,HOOD,P2W,MINOR,N,15,51.86,355.6,776.0,0.8633
hood_red_000817,val,hood,red,SCR,0.847266,0.619444,0.008594,exact_3,0.0789,DEF0000037987,INS0000458481,SCR,HOOD,R4M,MINOR,N,15,277.02,1850.0,488.6,0.8516
hood_red_000870,val,hood,red,DNT,0.492969,0.615278,0.008789,exact_3,0.1713,DEF0000050199,INS0002739869,DNT,HOOD,R4M,MAJOR,Y,45,199.36,1029.4,614.2,0.9599
hood_red_000973,val,hood,red,SCR,0.449219,0.86875,0.00273,exact_3,0.1566,DEF0000128473,INS0000461109,SCR,HOOD,R4M,MINOR,N,15,8.84,1055.7,622.4,0.9382
hood_red_000973,val,hood,red,GAP,0.601172,0.521528,0.016963,exact_3,0.1507,DEF0000053649,INS0002898076,GAP,HOOD,R4M,CRITICAL,Y,60,252.08,1856.9,447.7,0.8612
hood_silver_000910,val,hood,silver,PDR,0.38125,0.451389,0.004688,exact_3,0.1152,DEF0000052974,INS0001728636,PDR,HOOD,SWP,MINOR,Y,25,460.53,950.1,558.2,0.8555
hood_silver_000917,val,hood,silver,GAP,0.5,0.445139,0.033398,exact_3,0.0753,DEF0000074229,INS0001350429,GAP,HOOD,SWP,CRITICAL,Y,60,461.02,905.5,252.2,0.9799
hood_silver_000982,val,hood,silver,SCR,0.802344,0.198611,0.006762,exact_3,0.0776,DEF0000162861,INS0002715327,SCR,HOOD,SWP,MINOR,N,15,165.89,1618.4,120.1,0.8569
hood_white_000926,val,hood,white,DST,0.156641,0.474306,0.003154,exact_3,0.0882,DEF0000025190,INS0001661633,DST,HOOD,P2W,MINOR,N,10,202.34,268.9,367.1,0.8906
hood_white_001000,val,hood,white,SCR,0.68125,0.914583,0.004759,exact_3,0.0724,DEF0000091362,INS0000928678,SCR,HOOD,P2W,MINOR,N,15,114.64,1371.2,737.4,0.9766
hood_white_001000,val,hood,white,PBB,0.735938,0.122222,0.005013,exact_3,0.0368,DEF0000059256,INS0000672914,PBB,HOOD,P2W,MINOR,N,30,301.82,1646.6,69.4,0.9441
hood_white_001000,val,hood,white,DST,0.734375,0.510417,0.003965,exact_3,0.0822,DEF0000000967,INS0002855933,DST,HOOD,P2W,MINOR,N,10,400.95,1388.8,449.6,0.9824
rear_door_black_000819,val,rear_door,black,ORG,0.755469,0.647222,0.008789,exact_3,0.0515,DEF0000022372,INS0001911289,ORG,RD,B3L,MINOR,N,20,162.03,1457.0,630.9,0.8611
rear_door_black_000979,val,rear_door,black,SCR,0.716406,0.247917,0.012546,exact_3,0.0535,DEF0000004673,INS0000771199,SCR,RD,B3L,MINOR,N,15,306.65,1507.2,168.2,0.8657
rear_door_blue_000894,val,rear_door,blue,SCR,0.864844,0.108333,0.005833,exact_3,0.0743,DEF0000052022,INS0001647102,SCR,RD,ABP,MINOR,N,15,185.02,1940.9,54.1,0.8785
rear_door_blue_000897,val,rear_door,blue,DNT,0.300781,0.630556,0.007656,exact_3,0.0569,DEF0000117269,INS0000587779,DNT,RD,ABP,MAJOR,Y,45,203.09,728.0,505.0,0.9751
rear_door_blue_000992,val,rear_door,blue,SCR,0.268359,0.572917,0.00277,exact_3,0.0625,DEF0000090809,INS0000925282,SCR,RD,ABP,MINOR,N,15,6.04,472.0,519.8,0.9728
rear_door_bronze_000874,val,rear_door,bronze,PBB,0.721094,0.734028,0.005371,exact_2,0.0229,DEF0000164835,INS0000312195,PBB,RD,P2W,MINOR,N,30,354.93,1525.4,664.3,0.9527
rear_door_bronze_000874,val,rear_door,bronze,DNT,0.424219,0.273611,0.016684,exact_2,0.0549,DEF0000090796,INS0001227765,DNT,RD,TW3,MAJOR,Y,45,485.9,1002.6,181.3,0.937
rear_door_bronze_000893,val,rear_door,bronze,DST,0.892578,0.221528,0.003456,exact_2,0.0599,DEF0000039605,INS0002411963,DST,RD,YW6,MINOR,N,10,270.99,1856.3,153.5,0.8977
rear_door_gray_000948,val,rear_door,gray,SCR,0.305859,0.239583,0.002842,exact_3,0.0284,DEF0000108594,INS0001395658,SCR,RD,YW6,MINOR,N,15,20.02,484.0,182.9,0.88
rear_door_green_000812,val,rear_door,green,PDR,0.110937,0.508333,0.003047,exact_2,0.0848,DEF0000104928,INS0000426733,PDR,RD,SWP,MINOR,Y,25,299.67,115.0,788.5,0.9394
rear_door_green_000905,val,rear_door,green,ORG,0.498437,0.620833,0.012656,exact_2,0.0698,DEF0000119345,INS0002979276,ORG,RD,C5G,MINOR,N,20,309.81,1126.4,560.2,0.9642
rear_door_green_000905,val,rear_door,green,DST,0.782813,0.425694,0.004373,exact_2,0.0459,DEF0000056983,INS0000210824,DST,RD,N5M,MINOR,N,10,497.43,1578.2,359.0,0.9274
rear_door_navy_000861,val,rear_door,navy,ORG,0.458594,0.481944,0.008025,exact_2,0.0567,DEF0000093535,INS0002981560,ORG,RD,B3L,MINOR,N,20,167.61,1074.4,419.1,0.929
rear_door_pearl_white_000823,val,rear_door,white,PBB,0.455859,0.671528,0.003929,exact_3,0.0467,DEF0000121579,INS0001373491,PBB,RD,P2W,MINOR,N,30,135.92,846.1,601.3,0.9852
rear_door_pearl_white_000825,val,rear_door,white,DST,0.853125,0.454167,0.003633,exact_3,0.1045,DEF0000015215,INS0000505564,DST,RD,P2W,MINOR,Y,10,332.79,1626.3,410.5,0.9285
rear_door_pearl_white_000881,val,rear_door,white,ORG,0.153906,0.173611,0.017778,exact_3,0.0656,DEF0000089172,INS0000461750,ORG,RD,P2W,MINOR,N,20,493.81,496.2,99.3,0.8977
rear_door_pearl_white_000881,val,rear_door,white,PDR,0.789062,0.290278,0.002648,exact_3,0.0691,DEF0000131486,INS0001144905,PDR,RD,P2W,MINOR,Y,25,183.92,1619.1,332.3,0.9363
rear_door_pearl_white_000969,val,rear_door,white,SCR,0.732422,0.097917,0.010348,exact_3,0.0571,DEF0000065346,INS0000415580,SCR,RD,P2W,MINOR,N,15,263.93,1657.6,72.7,0.947
rear_door_pearl_white_000969,val,rear_door,white,ORG,0.195312,0.206944,0.011289,exact_3,0.1433,DEF0000165136,INS0000624746,ORG,RD,P2W,MINOR,N,20,240.98,782.9,162.2,0.8989
rear_door_red_000875,val,rear_door,red,SCR,0.392969,0.398611,0.029601,exact_3,0.1116,DEF0000142966,INS0000030166,SCR,RD,R4M,MINOR,N,15,437.81,751.0,353.3,0.8667
rear_door_red_000886,val,rear_door,red,CRK,0.913281,0.265972,0.012771,exact_3,0.2858,DEF0000139117,INS0002178324,CRK,RD,R4M,CRITICAL,Y,90,187.52,1876.3,356.2,0.8992
rear_door_red_000891,val,rear_door,red,SCR,0.487891,0.207639,0.01338,exact_3,0.1369,DEF0000031953,INS0001865639,SCR,RD,R4M,MINOR,Y,15,288.34,1194.4,200.4,0.8994
rear_door_silver_000928,val,rear_door,silver,DST,0.191016,0.483333,0.002148,exact_3,0.0957,DEF0000095431,INS0001243083,DST,RD,SWP,MINOR,N,10,61.78,379.4,455.6,0.8513
rear_door_silver_000928,val,rear_door,silver,PBB,0.71875,0.591667,0.004175,exact_3,0.08,DEF0000095850,INS0000137139,PBB,RD,SWP,MINOR,Y,30,171.13,1608.7,566.4,0.9351
rear_door_white_000909,val,rear_door,white,PBB,0.519922,0.474306,0.003258,exact_3,0.0713,DEF0000031134,INS0002006907,PBB,RD,P2W,MINOR,N,30,85.8,1140.1,354.2,0.9642
rear_door_white_000990,val,rear_door,white,ORG,0.703125,0.151389,0.006267,exact_3,0.1708,DEF0000141928,INS0001304483,ORG,RD,P2W,MINOR,N,20,61.46,1466.2,196.8,0.8516
rear_door_white_000990,val,rear_door,white,PBB,0.574219,0.179167,0.003767,exact_3,0.0417,DEF0000166834,INS0002594374,PBB,RD,P2W,MINOR,N,30,135.51,1269.6,60.5,0.8652
rocker_black_000839,val,rocker,black,GAP,0.429688,0.476389,0.016758,exact_3,0.0581,DEF0000079448,INS0000303566,GAP,ROCKER,B3L,CRITICAL,Y,60,274.24,364.9,304.4,0.922
rocker_blue_000826,val,rocker,blue,DNT,0.380469,0.194444,0.017778,exact_3,0.105,DEF0000110618,INS0002333908,DNT,ROCKER,ABP,MAJOR,Y,45,438.91,746.4,133.2,0.933
rocker_blue_000826,val,rocker,blue,SCR,0.137891,0.675,0.021968,exact_3,0.0782,DEF0000127880,INS0001720899,SCR,ROCKER,ABP,MINOR,N,15,425.95,309.4,582.3,0.8701
rocker_blue_000826,val,rocker,blue,DNT,0.7375,0.802778,0.010421,exact_3,0.0646,DEF0000085381,INS0000493733,DNT,ROCKER,ABP,MAJOR,Y,45,289.81,1541.2,794.2,0.9658
rocker_blue_000860,val,rocker,blue,PBB,0.435547,0.670139,0.006416,exact_3,0.053,DEF0000061500,INS0001445928,PBB,ROCKER,ABP,MINOR,N,30,471.24,809.5,627.0,0.855
rocker_blue_000873,val,rocker,blue,DNT,0.188281,0.718056,0.006267,exact_3,0.1314,DEF0000081642,INS0001240473,DNT,ROCKER,ABP,MAJOR,Y,45,145.53,421.2,720.0,0.9362
rocker_blue_000951,val,rocker,blue,GAP,0.503125,0.751389,0.026562,exact_3,0.2183,DEF0000155048,INS0002400285,GAP,ROCKER,ABP,CRITICAL,Y,60,246.49,684.6,733.9,0.8736
rocker_bronze_000804,val,rocker,bronze,SCR,0.416406,0.776389,0.006016,exact_2,0.0093,DEF0000157175,INS0001506727,SCR,ROCKER,SWP,MINOR,N,15,162.98,863.7,642.1,0.9176
rocker_bronze_000806,val,rocker,bronze,SCR,0.2625,0.466667,0.020391,exact_2,0.0444,DEF0000070027,INS0002809283,SCR,ROCKER,B3L,MINOR,Y,15,430.94,359.4,430.4,0.9488
rocker_bronze_000920,val,rocker,bronze,SCR,0.305469,0.911111,0.007595,exact_2,0.0435,DEF0000145069,INS0002028482,SCR,ROCKER,C5G,MINOR,N,15,201.27,559.9,776.9,0.8562
rocker_bronze_000937,val,rocker,bronze,DNT,0.471875,0.602778,0.010851,exact_2,0.0461,DEF0000033224,INS0000110727,DNT,ROCKER,B3L,MAJOR,Y,45,281.44,1051.0,458.9,0.9757
rocker_bronze_000937,val,rocker,bronze,DNT,0.68125,0.505556,0.01615,exact_2,0.0738,DEF0000135619,INS0000262183,DNT,ROCKER,SWP,MAJOR,Y,45,437.04,1613.3,417.1,0.865
rocker_bronze_000952,val,rocker,bronze,GAP,0.291406,0.504861,0.015859,exact_2,0.0537,DEF0000044769,INS0001491289,GAP,ROCKER,P2W,CRITICAL,Y,60,228.1,161.5,408.4,0.8907
rocker_bronze_000952,val,rocker,bronze,DNT,0.21875,0.7625,0.013611,exact_2,0.0366,DEF0000072504,INS0001946355,DNT,ROCKER,P2W,MAJOR,Y,45,397.51,394.9,703.8,0.9518
rocker_bronze_000959,val,rocker,bronze,DST,0.498437,0.290278,0.002643,exact_2,0.0591,DEF0000056754,INS0000155950,DST,ROCKER,ABP,MINOR,Y,10,93.33,1048.1,234.5,0.8575
rocker_bronze_000966,val,rocker,bronze,SCR,0.375,0.881944,0.009479,exact_2,0.0219,DEF0000110078,INS0000396697,SCR,ROCKER,SWP,MINOR,Y,15,253.31,675.8,755.0,0.9269
rocker_bronze_000966,val,rocker,bronze,DST,0.790625,0.653472,0.003264,exact_2,0.0733,DEF0000050016,INS0001618475,DST,ROCKER,B3L,MINOR,N,10,191.23,1769.7,571.7,0.917
rocker_bronze_000966,val,rocker,bronze,DNT,0.805469,0.761111,0.013129,exact_2,0.017,DEF0000084987,INS0000277095,DNT,ROCKER,P2W,MAJOR,Y,45,369.14,1701.0,696.5,0.9171
rocker_gray_000848,val,rocker,gray,SCR,0.73125,0.520139,0.020343,exact_3,0.1032,DEF0000135466,INS0001507422,SCR,ROCKER,YW6,MINOR,N,15,402.52,1663.2,502.0,0.8534
rocker_gray_000925,val,rocker,gray,CRK,0.374609,0.199306,0.011991,exact_3,0.0979,DEF0000085473,INS0001345134,CRK,ROCKER,YW6,CRITICAL,Y,90,130.22,915.9,108.0,0.8523
rocker_green_000805,val,rocker,green,DNT,0.460938,0.455556,0.008403,exact_2,0.0529,DEF0000102016,INS0001762704,DNT,ROCKER,B3L,MAJOR,Y,45,210.81,1082.9,412.2,0.9219
rocker_green_000813,val,rocker,green,SCR,0.348438,0.413194,0.017969,exact_2,0.0483,DEF0000115112,INS0002801429,SCR,ROCKER,B3L,MINOR,Y,15,388.09,707.7,370.5,0.9238
rocker_green_000813,val,rocker,green,PDR,0.403125,0.351389,0.002083,exact_2,0.0361,DEF0000137610,INS0002319215,PDR,ROCKER,U3G,MINOR,N,25,130.19,825.9,366.1,0.9279
rocker_green_000858,val,rocker,green,ORG,0.592969,0.627778,0.010851,exact_2,0.0566,DEF0000137896,INS0002850922,ORG,ROCKER,P2W,MINOR,N,20,218.43,1249.1,585.2,0.883
rocker_green_000933,val,rocker,green,DST,0.167969,0.475694,0.003841,exact_2,0.044,DEF0000007500,INS0002340197,DST,ROCKER,YW6,MINOR,N,10,398.85,381.1,399.1,0.9623
rocker_navy_000976,val,rocker,navy,PBB,0.935156,0.6875,0.006762,exact_2,0.0437,DEF0000017148,INS0000542825,PBB,ROCKER,N5M,MINOR,N,30,465.35,1955.8,615.3,0.8647
rocker_navy_000976,val,rocker,navy,DNT,0.295312,0.593056,0.014102,exact_2,0.0277,DEF0000092948,INS0001686262,DNT,ROCKER,B3L,MAJOR,Y,45,385.5,587.8,465.2,0.9139
rocker_pearl_white_000803,val,rocker,white,DST,0.884375,0.438194,0.00322,exact_3,0.0331,DEF0000039566,INS0000248493,DST,ROCKER,P2W,MINOR,N,10,210.59,1862.9,364.3,0.9748
rocker_red_000809,val,rocker,red,GAP,0.411328,0.520139,0.014838,exact_3,0.0766,DEF0000044583,INS0000366715,GAP,ROCKER,R4M,CRITICAL,Y,60,118.57,375.2,486.8,0.8964
rocker_red_000815,val,rocker,red,DST,0.383594,0.389583,0.002893,exact_3,0.1358,DEF0000125619,INS0002028615,DST,ROCKER,R4M,MINOR,Y,10,101.71,1085.3,265.8,0.9079
rocker_red_000914,val,rocker,red,DST,0.23125,0.46875,0.001335,exact_3,0.109,DEF0000093333,INS0002004533,DST,ROCKER,R4M,MINOR,N,10,36.48,373.1,436.1,0.9277
rocker_red_000962,val,rocker,red,DST,0.680078,0.14375,0.003521,exact_3,0.3573,DEF0000135970,INS0000217046,DST,ROCKER,R4M,MINOR,N,10,322.86,682.4,105.7,0.8751
rocker_red_000962,val,rocker,red,SCR,0.506641,0.667361,0.011789,exact_3,0.1094,DEF0000013189,INS0000990068,SCR,ROCKER,R4M,MINOR,N,15,258.26,1076.0,520.0,0.9622
rocker_red_000980,val,rocker,red,DST,0.716406,0.59375,0.003585,exact_3,0.1875,DEF0000028667,INS0000743078,DST,ROCKER,R4M,MINOR,N,10,247.51,1342.1,439.6,0.9238
rocker_white_000888,val,rocker,white,DNT,0.621875,0.3,0.014601,exact_3,0.1023,DEF0000063179,INS0002073587,DNT,ROCKER,P2W,MAJOR,Y,45,365.51,1361.4,180.5,0.8545
rocker_white_000888,val,rocker,white,DNT,0.250781,0.6125,0.013611,exact_3,0.0822,DEF0000032456,INS0000569172,DNT,ROCKER,P2W,MAJOR,Y,45,390.77,440.5,436.3,0.9311
rocker_white_000939,val,rocker,white,DST,0.823828,0.241667,0.002893,exact_3,0.1236,DEF0000094864,INS0002496751,DST,ROCKER,P2W,MINOR,N,10,77.07,1614.7,126.3,0.8637
roof_black_000947,val,roof,black,GAP,0.523828,0.469444,0.013876,exact_3,0.0639,DEF0000118906,INS0001925862,GAP,ROOF,B3L,CRITICAL,Y,60,67.11,1324.0,301.5,0.9321
roof_black_000972,val,roof,black,PBB,0.810156,0.395139,0.004297,exact_3,0.0811,DEF0000097138,INS0000544200,PBB,ROOF,B3L,MINOR,N,30,195.22,1627.3,292.7,0.8654
roof_black_000972,val,roof,black,SCR,0.494922,0.179167,0.020291,exact_3,0.0608,DEF0000115481,INS0002378115,SCR,ROOF,B3L,MINOR,Y,15,419.94,953.2,165.4,0.8639
roof_black_000975,val,roof,black,SCR,0.467969,0.218056,0.002396,exact_3,0.0856,DEF0000139222,INS0001926827,SCR,ROOF,B3L,MINOR,N,15,17.64,1135.7,140.8,0.9305
roof_blue_000931,val,roof,blue,DST,0.873437,0.584722,0.003902,exact_3,0.128,DEF0000055009,INS0001422979,DST,ROOF,ABP,MINOR,Y,10,404.61,1879.2,612.1,0.985
roof_bronze_000942,val,roof,bronze,ORG,0.51875,0.463889,0.011736,exact_2,0.0478,DEF0000135443,INS0000807794,ORG,ROOF,B3L,MINOR,Y,20,270.68,1194.4,420.0,0.982
roof_bronze_000942,val,roof,bronze,SCR,0.621094,0.315278,0.022917,exact_2,0.0519,DEF0000003500,INS0002564307,SCR,ROOF,C5G,MINOR,N,15,458.11,1282.5,245.8,0.9296
roof_gray_000820,val,roof,gray,PBB,0.353125,0.621528,0.004026,exact_3,0.0869,DEF0000063436,INS0002126869,PBB,ROOF,YW6,MINOR,Y,30,125.42,711.9,568.2,0.8598
roof_gray_000833,val,roof,gray,ORG,0.224219,0.341667,0.005625,exact_3,0.1901,DEF0000029297,INS0001899196,ORG,ROOF,YW6,MINOR,Y,20,10.21,798.4,165.7,0.9327
roof_navy_000872,val,roof,navy,PDR,0.852344,0.215278,0.00276,exact_2,0.0736,DEF0000032824,INS0001756441,PDR,ROOF,W8Y,MINOR,N,25,248.9,1762.5,189.0,0.9622
roof_pearl_white_000923,val,roof,white,GAP,0.490625,0.511806,0.014453,exact_3,0.1161,DEF0000007849,INS0000796039,GAP,ROOF,P2W,CRITICAL,Y,60,182.3,771.9,507.2,0.9148
roof_pearl_white_000996,val,roof,white,DNT,0.742188,0.734722,0.004171,exact_3,0.0571,DEF0000028334,INS0001283313,DNT,ROOF,P2W,MAJOR,Y,45,33.46,1576.4,705.1,0.8567
roof_red_000879,val,roof,red,ORG,0.1375,0.361111,0.006944,exact_3,0.0833,DEF0000165651,INS0000245201,ORG,ROOF,R4M,MINOR,N,20,94.65,244.5,327.4,0.8826
roof_red_000965,val,roof,red,DST,0.269531,0.416667,0.002812,exact_3,0.1385,DEF0000013420,INS0000774432,DST,ROOF,R4M,MINOR,N,10,116.02,490.0,256.3,0.9247
roof_silver_000899,val,roof,silver,PBB,0.216016,0.605556,0.004206,exact_3,0.0818,DEF0000166945,INS0000787547,PBB,ROOF,SWP,MINOR,Y,30,161.79,538.9,548.0,0.9474
roof_silver_000904,val,roof,silver,SCR,0.265234,0.840972,0.004096,exact_3,0.0608,DEF0000092367,INS0000461699,SCR,ROOF,SWP,MINOR,N,15,77.13,440.3,755.9,0.9101
roof_silver_000936,val,roof,silver,PBB,0.600781,0.434722,0.003798,exact_3,0.0922,DEF0000005929,INS0002948120,PBB,ROOF,SWP,MINOR,Y,30,142.68,1381.0,415.1,0.903
roof_silver_000936,val,roof,silver,SCR,0.612109,0.884722,0.017895,exact_3,0.0906,DEF0000102677,INS0001801255,SCR,ROOF,SWP,MINOR,N,15,363.12,1215.5,775.0,0.9447
roof_silver_000936,val,roof,silver,PBB,0.327734,0.816667,0.005371,exact_3,0.0701,DEF0000106879,INS0000965519,PBB,ROOF,SWP,MINOR,N,30,325.79,708.2,762.7,0.9883
roof_silver_000960,val,roof,silver,SCR,0.398047,0.205556,0.009679,exact_3,0.0909,DEF0000161700,INS0002486759,SCR,ROOF,SWP,MINOR,N,15,301.31,847.5,170.0,0.9768
roof_white_000887,val,roof,white,DST,0.689844,0.464583,0.003045,exact_3,0.0821,DEF0000039782,INS0001960713,DST,ROOF,P2W,MINOR,N,10,152.35,1444.6,463.2,0.9689
trunk_black_000838,val,trunk,black,SCR,0.587109,0.239583,0.007123,exact_3,0.0609,DEF0000101731,INS0001475870,SCR,TRUNK,B3L,MINOR,N,15,195.68,1320.0,221.0,0.9457
trunk_blue_000824,val,trunk,blue,PBB,0.398828,0.514583,0.003775,exact_3,0.1547,DEF0000041760,INS0001983041,PBB,TRUNK,ABP,MINOR,N,30,108.61,664.9,323.0,0.9015
trunk_blue_000930,val,trunk,blue,SCR,0.475781,0.630556,0.024384,exact_3,0.0714,DEF0000021512,INS0000613848,SCR,TRUNK,ABP,MINOR,N,15,497.9,1052.5,497.1,0.8573
trunk_blue_000930,val,trunk,blue,DNT,0.2375,0.655556,0.016684,exact_3,0.141,DEF0000070580,INS0002334880,DNT,TRUNK,ABP,MAJOR,Y,45,404.39,469.8,611.4,0.9129
trunk_blue_000944,val,trunk,blue,DNT,0.401562,0.365278,0.015109,exact_3,0.096,DEF0000064771,INS0000907758,DNT,TRUNK,ABP,MAJOR,Y,45,438.52,774.0,264.8,0.854
trunk_blue_000957,val,trunk,blue,ORG,0.878906,0.773611,0.017226,exact_3,0.205,DEF0000153551,INS0000536143,ORG,TRUNK,ABP,MINOR,Y,20,434.3,1540.2,657.9,0.9525
trunk_blue_000957,val,trunk,blue,PDR,0.708594,0.372222,0.002669,exact_3,0.1369,DEF0000121818,INS0001827536,PDR,TRUNK,ABP,MINOR,N,25,189.69,1255.7,374.4,0.8709
trunk_bronze_000884,val,trunk,bronze,DNT,0.888281,0.769444,0.01,exact_2,0.0657,DEF0000166102,INS0002536499,DNT,TRUNK,SSS,MAJOR,Y,45,298.45,1901.6,728.1,0.9326
trunk_bronze_000884,val,trunk,bronze,ORG,0.370312,0.808333,0.005625,exact_2,0.0948,DEF0000064925,INS0002919205,ORG,TRUNK,P2W,MINOR,N,20,27.68,730.7,714.2,0.8759
trunk_bronze_000998,val,trunk,bronze,DNT,0.705469,0.744444,0.018338,exact_2,0.0575,DEF0000015759,INS0000486027,DNT,TRUNK,P2W,MAJOR,Y,45,496.76,1420.1,690.2,0.9136
trunk_bronze_000998,val,trunk,bronze,ORG,0.307031,0.818056,0.007656,exact_2,0.0403,DEF0000006970,INS0000350149,ORG,TRUNK,B3L,MINOR,N,20,125.25,774.3,743.7,0.9733
trunk_gray_000816,val,trunk,gray,DST,0.753125,0.629861,0.004368,exact_3,0.0875,DEF0000002817,INS0002364793,DST,TRUNK,YW6,MINOR,Y,10,441.25,1589.0,596.3,0.8839
trunk_gray_000816,val,trunk,gray,PBB,0.89375,0.3625,0.003212,exact_3,0.1519,DEF0000058509,INS0001429755,PBB,TRUNK,YW6,MINOR,N,30,45.53,1598.1,336.4,0.9847
trunk_gray_000868,val,trunk,gray,GAP,0.675781,0.522222,0.016285,exact_3,0.1579,DEF0000016443,INS0001562688,GAP,TRUNK,YW6,CRITICAL,Y,60,247.49,1701.0,435.1,0.8921
trunk_green_000988,val,trunk,green,SCR,0.36875,0.477778,0.007344,exact_2,0.0359,DEF0000018859,INS0001214957,SCR,TRUNK,P2W,MINOR,N,15,204.0,677.8,444.6,0.8885
trunk_green_000988,val,trunk,green,SCR,0.165625,0.686806,0.002461,exact_2,0.0469,DEF0000035798,INS0000353883,SCR,TRUNK,P2W,MINOR,Y,15,15.45,167.4,598.6,0.9775
trunk_pearl_white_000841,val,trunk,white,DNT,0.855469,0.355556,0.005017,exact_3,0.1017,DEF0000078748,INS0000294490,DNT,TRUNK,P2W,MAJOR,Y,45,40.35,1906.1,328.4,0.9406
trunk_pearl_white_000892,val,trunk,white,DNT,0.275,0.440278,0.012192,exact_3,0.0623,DEF0000036648,INS0000492208,DNT,TRUNK,P2W,MAJOR,Y,45,318.62,581.7,329.0,0.9422
trunk_pearl_white_000943,val,trunk,white,SCR,0.858984,0.827778,0.006493,exact_3,0.0347,DEF0000154628,INS0001143546,SCR,TRUNK,P2W,MINOR,Y,15,174.87,1920.9,687.5,0.8944
trunk_pearl_white_000943,val,trunk,white,SCR,0.462109,0.343056,0.008301,exact_3,0.1051,DEF0000161617,INS0001825474,SCR,TRUNK,P2W,MINOR,N,15,205.96,822.8,333.3,0.9055
trunk_pearl_white_000943,val,trunk,white,ORG,0.177344,0.608333,0.017778,exact_3,0.1228,DEF0000123782,INS0000619118,ORG,TRUNK,P2W,MINOR,N,20,429.8,354.5,635.3,0.9098
trunk_pearl_white_000956,val,trunk,white,GAP,0.668359,0.527778,0.015082,exact_3,0.1069,DEF0000077872,INS0000284220,GAP,TRUNK,P2W,CRITICAL,Y,60,201.78,1857.1,486.2,0.9342
trunk_pearl_white_000956,val,trunk,white,PDR,0.400781,0.322917,0.001888,exact_3,0.038,DEF0000057509,INS0001970822,PDR,TRUNK,P2W,MINOR,N,25,81.53,786.2,329.8,0.8685
trunk_red_000986,val,trunk,red,ORG,0.817187,0.693056,0.01615,exact_3,0.2358,DEF0000078826,INS0002789937,ORG,TRUNK,R4M,MINOR,Y,20,392.83,1290.0,632.5,0.8766
trunk_silver_000844,val,trunk,silver,SCR,0.126953,0.480556,0.006758,exact_3,0.0773,DEF0000040600,INS0002197794,SCR,TRUNK,SWP,MINOR,Y,15,216.12,180.3,384.8,0.8564
trunk_silver_000844,val,trunk,silver,DST,0.430469,0.196528,0.002268,exact_3,0.1386,DEF0000134246,INS0001618449,DST,TRUNK,SWP,MINOR,N,10,60.25,1113.9,188.5,0.9162
trunk_silver_000863,val,trunk,silver,PBB,0.516016,0.555556,0.005642,exact_3,0.0545,DEF0000031243,INS0000493101,PBB,TRUNK,SWP,MINOR,Y,30,391.55,910.6,493.8,0.9835
trunk_silver_000878,val,trunk,silver,SCR,0.246094,0.826389,0.01138,exact_3,0.0565,DEF0000035854,INS0000568371,SCR,TRUNK,SWP,MINOR,Y,15,306.01,488.0,708.7,0.8882
trunk_silver_000878,val,trunk,silver,CRK,0.314844,0.639583,0.016602,exact_3,0.1457,DEF0000118125,INS0001900844,CRK,TRUNK,SWP,CRITICAL,Y,90,355.92,348.8,637.5,0.9394
trunk_silver_000908,val,trunk,silver,ORG,0.517969,0.233333,0.015109,exact_3,0.1231,DEF0000047126,INS0000191355,ORG,TRUNK,SWP,MINOR,Y,20,441.66,1255.1,194.0,0.986
trunk_white_000865,val,trunk,white,GAP,0.728516,0.471528,0.012354,exact_3,0.1613,DEF0000033853,INS0001786872,GAP,TRUNK,P2W,CRITICAL,Y,60,65.38,1713.5,256.6,0.9396
trunk_white_000865,val,trunk,white,DNT,0.605469,0.856944,0.012192,exact_3,0.1225,DEF0000135677,INS0000186116,DNT,TRUNK,P2W,MAJOR,Y,45,356.79,1128.5,737.1,0.9236
trunk_white_000924,val,trunk,white,SCR,0.2875,0.565278,0.006836,exact_3,0.0415,DEF0000131617,INS0000482770,SCR,TRUNK,P2W,MINOR,N,15,179.0,434.7,467.9,0.9183
